Configuration;Iteration;The initial way;Its distance;The best way after algorithm;Its distance
SL-B2 PR-33 GI-0.1;1;9 15 13 18 30 24 29 8 10 12 26 4 14 5 11 22 23 27 25 1 20 16 7 6 17 21 28 3 19 2 ;2.1684e+06;6 20 16 15 30 7 23 8 10 24 13 1 9 21 11 22 29 27 28 26 18 2 25 14 17 3 19 4 12 5 ;1.93952e+06
SL-B2 PR-33 GI-0.1;2;4 30 27 11 8 7 12 5 15 21 3 6 25 28 10 13 26 23 18 1 17 16 29 9 20 24 19 14 22 2 ;2.21157e+06;4 30 27 16 10 22 23 21 14 5 9 19 2 28 17 13 26 6 18 8 12 11 15 3 20 29 7 1 25 24 ;1.91975e+06
SL-B2 PR-33 GI-0.1;3;21 16 25 14 4 15 30 6 19 24 12 2 7 11 1 26 5 23 9 3 22 17 10 27 28 20 18 29 13 8 ;2.18419e+06;16 21 2 14 19 30 11 9 23 24 5 4 28 17 1 6 12 26 29 3 27 20 10 15 7 18 25 22 13 8 ;1.94592e+06
SL-B2 PR-33 GI-0.1;4;11 14 15 22 21 24 2 5 4 6 13 28 10 30 26 17 16 29 12 27 18 3 19 23 9 7 1 20 8 25 ;2.26411e+06;26 28 2 27 11 5 4 3 21 8 13 14 10 30 24 17 20 29 12 22 1 16 19 23 6 7 18 9 15 25 ;1.95604e+06
SL-B2 PR-33 GI-0.1;5;18 7 28 19 20 5 22 23 10 1 8 30 21 16 14 13 15 24 29 2 11 9 3 25 6 26 4 12 17 27 ;2.24793e+06;18 21 15 19 6 5 11 23 12 22 16 30 10 13 9 25 3 8 29 27 1 14 20 24 17 2 4 26 7 28 ;1.92709e+06
SL-B22 PR-33 GI-0.1;1;8 29 16 26 4 23 22 19 27 20 24 10 15 21 2 30 12 11 13 7 28 1 25 18 5 14 17 6 3 9 ;2.13695e+06;8 29 25 6 19 23 16 4 7 13 15 21 22 17 10 30 12 11 27 3 5 1 2 18 26 24 28 20 14 9 ;1.90067e+06
SL-B22 PR-33 GI-0.1;2;16 9 28 14 24 29 30 19 17 22 5 25 3 27 7 11 15 12 6 10 26 4 21 2 20 23 8 1 18 13 ;2.17537e+06;16 27 28 23 30 12 24 5 6 22 14 25 3 26 7 11 15 1 18 9 20 4 10 2 17 29 8 21 19 13 ;1.90738e+06
SL-B22 PR-33 GI-0.1;3;7 2 12 19 3 21 1 9 16 15 18 27 26 10 24 30 13 17 28 20 4 29 6 23 14 25 11 8 5 22 ;2.2181e+06;9 2 13 24 8 12 1 3 25 15 18 16 30 4 14 19 21 10 29 20 6 28 11 23 7 27 17 26 5 22 ;1.95642e+06
SL-B22 PR-33 GI-0.1;4;9 26 8 21 15 4 11 19 17 16 24 7 14 20 2 22 1 25 27 18 3 10 5 23 12 6 29 28 13 30 ;2.18989e+06;15 26 23 21 14 28 2 4 25 16 20 1 29 27 30 22 7 17 9 6 3 19 5 24 12 18 10 8 13 11 ;1.91814e+06
SL-B22 PR-33 GI-0.1;5;10 29 26 28 14 25 9 4 2 16 15 8 24 12 1 18 17 22 20 13 3 6 11 7 23 5 30 27 19 21 ;2.19117e+06;10 21 13 28 30 25 2 1 6 5 9 22 7 12 16 23 17 3 20 29 27 8 15 24 18 4 14 11 19 26 ;1.89956e+06
SL-B33 PR-33 GI-0.1;1;26 19 28 29 4 3 24 5 25 20 18 7 22 14 2 10 13 12 11 21 9 8 15 27 6 1 16 30 17 23 ;2.21826e+06;26 1 29 25 4 5 19 23 11 28 2 7 22 14 24 10 18 12 17 21 9 8 15 27 6 13 16 20 30 3 ;1.95547e+06
SL-B33 PR-33 GI-0.1;2;28 15 23 21 6 25 17 27 16 5 19 20 8 26 11 18 9 1 13 12 30 10 7 4 22 14 2 24 3 29 ;2.24686e+06;1 17 23 14 2 25 9 16 13 3 19 20 15 26 6 7 12 27 18 30 28 21 10 8 22 4 29 5 24 11 ;1.9218e+06
SL-B33 PR-33 GI-0.1;3;4 24 29 19 8 3 16 21 15 26 22 23 11 18 28 9 7 2 10 14 17 5 25 13 12 1 30 27 20 6 ;2.20182e+06;13 17 30 24 4 3 1 21 2 28 10 29 11 18 12 9 19 20 8 14 7 5 23 6 15 25 16 27 26 22 ;1.93968e+06
SL-B33 PR-33 GI-0.1;4;25 29 2 8 10 27 16 17 19 28 13 9 22 14 12 20 21 6 15 11 5 7 4 23 3 18 1 26 30 24 ;2.20656e+06;3 24 28 8 23 21 16 11 4 25 13 9 5 15 7 26 27 29 19 17 2 6 14 12 1 18 22 20 30 10 ;1.89323e+06
SL-B33 PR-33 GI-0.1;5;7 4 13 8 12 28 3 18 24 30 27 1 5 6 17 22 29 11 9 10 15 14 21 25 19 2 26 16 23 20 ;2.18541e+06;29 30 13 5 4 28 3 18 15 22 17 14 8 7 27 12 9 11 6 2 16 10 21 25 19 1 26 24 23 20 ;1.92408e+06
SL-B2 PR-33 GI-0.2;1;4 23 17 26 12 22 3 15 16 5 19 8 1 14 27 7 28 18 13 10 20 11 29 30 2 21 24 6 9 25 ;2.19558e+06;29 28 11 30 24 25 3 15 16 10 19 8 1 14 23 7 20 18 17 4 22 27 5 6 26 21 12 2 9 13 ;1.9493e+06
SL-B2 PR-33 GI-0.2;2;10 19 16 5 14 20 25 2 1 23 30 29 13 21 22 7 3 4 17 15 8 28 11 6 27 26 24 9 12 18 ;2.16091e+06;10 19 15 9 14 26 25 2 3 6 12 20 13 27 22 4 29 16 7 23 8 28 11 24 18 5 17 21 1 30 ;1.94129e+06
SL-B2 PR-33 GI-0.2;3;16 7 19 26 30 27 5 29 24 2 11 21 1 3 20 25 12 17 10 15 23 9 8 22 13 28 18 14 6 4 ;2.17383e+06;14 7 22 6 5 13 30 29 19 2 11 12 1 3 20 9 17 16 10 15 27 18 8 23 24 28 4 25 26 21 ;1.939e+06
SL-B2 PR-33 GI-0.2;4;20 9 3 19 27 18 28 13 2 24 11 14 16 17 22 1 4 7 10 21 5 23 12 30 26 6 29 15 8 25 ;2.22591e+06;10 9 4 8 18 2 22 13 27 24 11 21 16 7 12 26 3 17 20 29 5 6 28 30 1 23 14 15 19 25 ;1.92735e+06
SL-B2 PR-33 GI-0.2;5;20 3 19 4 18 28 29 21 1 5 6 26 11 16 8 10 30 7 15 27 22 12 24 13 23 25 2 14 9 17 ;2.21485e+06;2 3 19 4 6 25 13 10 1 11 21 18 23 16 8 28 14 7 24 27 9 12 20 5 17 29 30 15 22 26 ;1.92968e+06
SL-B22 PR-33 GI-0.2;1;16 21 3 25 1 9 28 6 14 4 23 10 7 20 18 13 17 22 8 15 12 2 19 29 5 27 24 11 30 26 ;2.17818e+06;16 21 3 1 25 27 7 8 6 26 11 19 14 18 10 13 17 22 23 15 29 5 20 12 2 9 24 28 30 4 ;1.92379e+06
SL-B22 PR-33 GI-0.2;2;5 20 17 4 3 27 7 9 12 30 29 26 25 19 28 22 1 14 18 8 24 23 6 10 13 11 21 16 2 15 ;2.19281e+06;5 20 22 4 26 17 24 9 8 6 14 13 3 12 10 25 27 29 18 19 7 23 21 28 1 11 30 16 2 15 ;1.94654e+06
SL-B22 PR-33 GI-0.2;3;2 9 13 10 4 8 14 17 29 23 18 27 21 24 5 25 6 22 15 1 16 3 12 30 20 28 7 26 11 19 ;2.28988e+06;21 9 8 15 4 13 28 20 29 23 24 5 17 30 27 2 14 16 10 1 3 6 12 18 26 22 7 25 11 19 ;1.93017e+06
SL-B22 PR-33 GI-0.2;4;23 11 8 19 12 28 7 9 20 14 24 17 27 18 21 26 5 3 6 1 10 29 15 16 4 30 13 22 2 25 ;2.16028e+06;8 15 25 2 5 28 7 9 20 14 24 17 3 19 21 26 1 27 6 13 10 29 18 22 23 30 16 12 11 4 ;1.957e+06
SL-B22 PR-33 GI-0.2;5;2 30 29 6 21 25 7 13 28 27 8 9 20 23 24 3 12 16 22 17 5 15 26 19 18 14 11 10 1 4 ;2.19318e+06;21 10 29 6 13 25 7 3 19 5 8 30 17 23 24 22 1 16 9 20 27 15 12 28 18 14 11 2 4 26 ;1.93924e+06
SL-B33 PR-33 GI-0.2;1;30 20 24 29 23 2 17 11 19 16 1 18 4 27 7 5 21 8 12 13 3 22 9 26 15 14 25 6 10 28 ;2.20555e+06;10 20 4 5 22 6 19 16 24 11 1 29 18 17 7 2 21 8 12 13 3 23 9 26 15 14 25 28 30 27 ;1.97305e+06
SL-B33 PR-33 GI-0.2;2;15 24 8 21 27 4 22 14 17 23 10 5 30 2 11 19 26 3 16 12 6 13 20 9 29 25 1 7 28 18 ;2.16139e+06;14 24 5 9 27 4 15 6 29 23 11 22 8 2 26 19 10 21 13 12 16 17 20 3 30 25 1 7 28 18 ;1.94015e+06
SL-B33 PR-33 GI-0.2;3;30 4 10 24 13 25 6 22 2 15 17 16 11 21 26 29 1 18 8 19 20 12 14 5 7 3 27 23 9 28 ;2.21818e+06;19 15 25 24 13 14 7 28 2 21 12 16 4 10 26 29 1 17 8 30 20 18 11 5 3 6 27 23 9 22 ;1.94163e+06
SL-B33 PR-33 GI-0.2;4;30 25 27 21 18 14 22 9 28 3 4 8 19 7 6 10 1 23 24 17 2 16 20 11 12 15 26 13 5 29 ;2.1919e+06;14 18 19 17 25 30 4 9 28 16 27 8 1 3 20 26 13 23 12 21 2 24 6 11 7 15 22 10 5 29 ;1.96142e+06
SL-B33 PR-33 GI-0.2;5;9 3 11 8 20 14 12 6 22 25 15 13 23 28 29 10 2 18 4 30 19 21 26 17 27 1 16 5 7 24 ;2.23378e+06;21 19 11 3 4 14 16 29 22 8 15 23 20 28 5 10 2 18 26 7 25 9 6 17 27 1 12 13 30 24 ;1.94603e+06
SL-B2 PR-33 GI-0.3;1;19 22 23 16 9 5 21 2 24 17 10 29 3 13 15 18 27 1 25 6 14 20 12 30 11 4 7 8 28 26 ;2.15058e+06;30 9 23 16 22 5 8 6 19 17 10 12 3 24 11 18 26 1 25 2 14 27 20 29 15 4 7 21 28 13 ;1.95343e+06
SL-B2 PR-33 GI-0.3;2;18 6 1 7 14 24 22 15 30 21 27 25 5 10 29 20 16 3 23 2 4 17 8 13 9 28 26 12 19 11 ;2.18462e+06;2 6 14 7 30 24 15 3 11 5 27 25 8 10 29 20 16 23 9 18 4 21 17 13 1 28 22 12 19 26 ;1.95056e+06
SL-B2 PR-33 GI-0.3;3;27 20 3 28 5 22 19 18 21 16 17 9 29 14 10 30 24 8 11 26 15 4 12 13 6 25 2 23 7 1 ;2.22814e+06;10 15 13 28 19 22 7 21 5 11 17 2 29 18 24 30 27 20 6 26 12 9 8 1 16 25 4 23 14 3 ;1.92111e+06
SL-B2 PR-33 GI-0.3;4;10 8 2 14 9 26 23 11 22 17 27 12 20 1 18 6 21 4 30 19 13 3 5 28 7 25 29 15 16 24 ;2.26607e+06;10 8 2 23 22 19 4 18 30 16 27 12 20 25 3 6 21 14 15 26 7 17 29 28 9 1 5 13 24 11 ;1.92479e+06
SL-B2 PR-33 GI-0.3;5;3 16 17 23 24 9 12 6 4 11 15 7 19 18 2 8 29 22 30 26 27 10 5 21 25 20 13 28 14 1 ;2.19847e+06;28 16 21 23 22 9 8 14 4 7 15 27 19 18 11 30 29 24 17 2 12 10 20 5 25 26 13 3 6 1 ;1.9606e+06
SL-B22 PR-33 GI-0.3;1;3 19 13 9 25 4 6 16 14 22 15 29 10 1 21 28 5 30 23 12 20 24 11 27 8 7 26 17 2 18 ;2.22444e+06;30 19 2 9 25 4 8 26 12 3 15 29 10 20 17 28 5 14 23 16 6 24 11 27 22 7 1 21 13 18 ;1.97669e+06
SL-B22 PR-33 GI-0.3;2;27 25 12 23 14 6 26 1 21 8 17 3 16 22 4 10 15 2 20 7 30 9 5 13 18 19 28 11 29 24 ;2.14789e+06;22 16 24 13 14 6 25 1 21 19 2 3 15 8 27 10 17 26 20 11 30 9 4 23 18 5 28 7 29 12 ;1.9366e+06
SL-B22 PR-33 GI-0.3;3;25 24 2 27 22 13 1 8 6 5 11 14 10 29 30 23 26 18 12 21 9 16 4 15 19 3 28 17 7 20 ;2.19243e+06;22 24 3 27 30 6 2 28 13 5 29 14 10 12 8 23 26 20 17 21 25 16 9 4 19 11 15 1 7 18 ;1.95483e+06
SL-B22 PR-33 GI-0.3;4;30 6 24 17 21 4 10 18 25 5 1 12 11 22 7 8 2 14 26 20 28 16 3 27 29 15 19 13 23 9 ;2.14512e+06;17 6 13 16 5 4 10 18 25 7 1 12 29 19 21 8 2 14 26 20 28 3 30 27 11 9 22 24 23 15 ;1.96727e+06
SL-B22 PR-33 GI-0.3;5;20 27 11 25 5 10 8 14 29 17 24 6 7 4 3 30 23 12 26 13 2 21 16 28 1 22 18 19 15 9 ;2.19056e+06;13 20 4 23 25 5 3 14 29 17 11 7 10 24 8 26 30 12 6 27 2 28 16 21 1 22 18 19 15 9 ;1.98834e+06
SL-B33 PR-33 GI-0.3;1;17 30 16 12 7 24 21 23 15 11 25 28 22 2 19 9 1 18 10 14 4 8 13 26 20 29 27 5 3 6 ;2.18228e+06;17 30 16 12 7 24 25 10 6 11 21 22 23 2 19 9 1 18 28 26 15 8 13 14 3 29 5 20 4 27 ;1.9976e+06
SL-B33 PR-33 GI-0.3;2;14 15 30 11 21 13 24 16 12 10 22 25 6 27 19 18 9 8 4 23 28 2 20 17 3 29 7 1 5 26 ;2.18676e+06;14 18 30 7 2 13 4 1 12 10 20 25 6 27 11 15 29 8 9 23 28 21 16 17 3 22 19 24 5 26 ;1.94548e+06
SL-B33 PR-33 GI-0.3;3;8 18 4 26 28 11 2 12 3 29 5 9 1 19 27 10 20 14 25 21 17 6 13 15 7 23 16 24 30 22 ;2.18437e+06;11 1 4 26 5 15 2 12 3 28 29 25 6 19 27 10 18 20 23 21 17 8 13 14 7 9 16 24 30 22 ;1.9275e+06
SL-B33 PR-33 GI-0.3;4;14 24 5 17 18 16 19 4 20 27 29 8 6 22 23 21 7 30 26 25 28 9 3 11 2 13 12 10 15 1 ;2.26305e+06;14 25 15 16 24 18 19 4 20 17 23 29 7 22 11 21 27 30 26 6 1 9 3 8 2 13 12 10 5 28 ;1.9883e+06
SL-B33 PR-33 GI-0.3;5;19 21 14 29 22 6 7 27 12 17 23 24 10 1 20 2 9 8 5 18 3 30 16 28 25 4 13 15 26 11 ;2.1958e+06;10 21 5 29 15 6 4 27 12 11 23 30 13 3 17 2 24 8 9 18 1 22 16 28 25 7 26 20 14 19 ;1.94794e+06
SL-B2 PR-33 GI-0.5;1;20 2 24 29 26 12 5 10 15 6 3 30 21 25 14 11 7 22 9 28 16 17 27 4 8 18 19 1 23 13 ;2.24654e+06;20 12 5 29 26 7 24 2 22 27 17 30 21 28 13 11 3 25 10 9 16 14 6 4 8 18 15 1 23 19 ;1.99124e+06
SL-B2 PR-33 GI-0.5;2;16 22 18 30 19 11 5 8 12 24 3 14 4 1 6 28 26 27 29 15 7 10 13 9 2 21 17 20 23 25 ;2.17449e+06;16 22 19 28 11 5 30 18 12 24 3 14 4 2 17 9 8 6 27 13 7 1 15 26 29 21 25 10 23 20 ;1.91857e+06
SL-B2 PR-33 GI-0.5;3;20 30 1 8 11 13 15 24 26 23 17 6 25 12 19 16 3 21 10 7 9 5 4 29 14 22 28 2 18 27 ;2.17229e+06;20 12 28 8 7 19 2 24 4 23 29 5 25 14 27 16 9 21 10 17 3 6 26 13 30 15 1 11 18 22 ;1.95482e+06
SL-B2 PR-33 GI-0.5;4;8 27 22 13 24 7 2 14 21 19 25 10 26 28 15 20 9 23 29 6 11 30 4 18 1 3 17 12 5 16 ;2.18183e+06;1 8 22 13 24 7 20 25 10 19 30 4 26 6 15 2 29 23 21 28 11 9 14 18 27 3 17 12 5 16 ;1.96204e+06
SL-B2 PR-33 GI-0.5;5;24 12 27 10 18 25 26 3 15 1 30 6 9 17 5 4 7 20 13 29 8 21 22 28 11 14 16 2 23 19 ;2.18821e+06;13 12 26 11 18 25 23 3 15 1 14 2 9 7 5 4 10 6 17 29 8 21 20 28 24 27 16 22 30 19 ;1.93844e+06
SL-B22 PR-33 GI-0.5;1;5 2 1 15 12 4 6 16 17 18 22 26 8 13 23 29 21 30 27 19 10 9 3 7 20 25 28 24 14 11 ;2.19619e+06;11 23 29 28 12 7 6 16 17 18 22 24 8 13 4 1 21 30 27 3 10 9 2 19 20 25 15 26 14 5 ;2.00882e+06
SL-B22 PR-33 GI-0.5;2;19 15 22 21 12 10 25 2 26 11 29 4 17 9 7 27 6 5 24 16 30 3 18 14 20 1 28 8 23 13 ;2.20447e+06;19 16 15 21 12 8 25 1 26 11 29 3 17 23 7 22 6 5 27 2 30 4 18 10 20 14 13 28 9 24 ;1.98499e+06
SL-B22 PR-33 GI-0.5;3;22 18 5 19 16 13 23 6 14 4 28 10 9 2 25 20 3 1 26 17 21 15 12 7 24 11 30 8 29 27 ;2.1786e+06;19 18 25 15 29 13 23 6 14 4 28 22 9 26 2 20 3 1 8 17 21 16 10 7 24 11 30 5 12 27 ;2.02008e+06
SL-B22 PR-33 GI-0.5;4;26 3 9 13 1 4 28 5 30 18 7 11 14 29 12 20 19 17 6 16 8 15 21 23 27 25 10 24 2 22 ;2.21627e+06;26 3 2 22 8 4 9 5 24 30 7 11 14 29 12 21 1 17 23 16 19 15 20 28 27 13 18 10 6 25 ;1.97518e+06
SL-B22 PR-33 GI-0.5;5;11 8 5 25 14 23 15 28 6 12 30 1 7 9 3 18 17 19 24 26 29 10 27 16 2 13 4 21 22 20 ;2.16703e+06;29 17 23 25 14 15 3 28 6 5 30 1 7 27 18 16 8 12 24 26 11 10 19 9 2 13 4 21 22 20 ;1.95908e+06
SL-B33 PR-33 GI-0.5;1;13 20 26 5 27 16 3 10 30 24 17 4 12 15 25 8 19 2 29 14 6 21 11 7 9 18 22 1 28 23 ;2.21119e+06;13 20 21 5 27 16 18 30 10 24 17 4 12 15 7 8 19 26 29 14 6 11 28 25 1 3 22 9 23 2 ;2.00883e+06
SL-B33 PR-33 GI-0.5;2;4 14 27 9 20 10 19 8 12 26 13 16 30 17 23 28 29 24 3 22 7 2 11 6 5 15 18 1 25 21 ;2.17817e+06;14 3 24 9 30 4 23 19 12 26 13 16 1 17 5 28 29 27 8 22 7 2 11 6 10 15 18 20 25 21 ;1.95444e+06
SL-B33 PR-33 GI-0.5;3;7 28 22 5 18 20 14 23 24 29 19 2 26 12 15 30 4 16 6 17 10 27 11 21 13 9 8 25 1 3 ;2.24326e+06;13 28 22 5 18 4 14 23 3 27 19 2 26 12 17 24 20 16 10 21 29 6 11 15 7 9 8 25 1 30 ;2.06626e+06
SL-B33 PR-33 GI-0.5;4;28 25 26 30 3 4 5 20 17 1 11 7 23 9 18 22 12 10 6 15 27 21 16 13 19 24 2 8 14 29 ;2.18798e+06;28 24 3 30 6 4 5 25 17 1 11 7 23 9 19 22 12 10 26 15 27 21 16 13 20 14 2 8 18 29 ;2.04535e+06
SL-B33 PR-33 GI-0.5;5;23 16 10 20 15 1 26 11 30 21 19 25 4 18 5 12 3 8 17 27 9 22 24 14 29 28 13 2 6 7 ;2.18249e+06;23 16 10 2 15 4 26 11 1 21 19 25 13 18 5 12 6 8 17 30 9 22 24 14 29 28 20 27 3 7 ;2.03914e+06
SL-B2 PR-50 GI-0.1;1;23 20 28 24 6 17 3 12 29 25 8 16 4 18 10 2 21 15 27 19 5 11 9 22 1 26 14 13 7 30 ;2.15254e+06;25 20 14 24 4 18 1 12 11 23 8 16 2 28 13 26 21 22 29 19 17 27 15 9 3 5 6 10 7 30 ;1.9353e+06
SL-B2 PR-50 GI-0.1;2;19 26 14 22 9 29 3 1 21 12 24 16 20 30 28 18 10 25 13 2 23 4 15 8 27 5 17 6 7 11 ;2.20962e+06;14 24 13 22 4 19 6 25 30 29 12 16 20 9 27 18 10 11 21 2 23 28 26 17 3 5 8 1 7 15 ;1.92717e+06
SL-B2 PR-50 GI-0.1;3;24 10 18 27 19 3 12 9 20 26 14 11 2 28 25 8 7 15 6 21 17 22 4 1 16 5 29 23 13 30 ;2.20807e+06;19 10 4 30 24 3 12 9 16 27 28 25 17 21 20 22 8 2 11 13 6 23 7 1 18 14 29 15 5 26 ;1.93159e+06
SL-B2 PR-50 GI-0.1;4;30 22 29 26 1 9 13 24 2 28 25 21 6 23 17 16 27 11 20 18 12 15 14 7 4 19 10 5 3 8 ;2.22194e+06;14 17 5 26 9 4 25 13 1 28 27 21 2 23 24 19 8 11 29 6 12 18 7 16 22 30 10 20 3 15 ;1.9197e+06
SL-B2 PR-50 GI-0.1;5;30 21 5 12 14 24 23 11 3 8 29 15 13 10 26 22 4 6 18 16 27 9 20 28 1 17 19 25 7 2 ;2.21563e+06;11 27 25 10 22 3 23 20 5 8 1 24 13 12 26 2 18 6 4 16 14 30 28 29 9 15 17 21 7 19 ;1.94902e+06
SL-B33 PR-50 GI-0.1;1;8 16 1 24 27 9 19 11 29 3 30 25 12 15 20 28 10 2 6 13 22 17 23 21 5 4 26 18 7 14 ;2.19122e+06;28 16 19 6 4 24 13 5 14 3 26 1 12 22 20 7 10 2 9 25 15 23 21 17 11 27 30 29 8 18 ;1.91646e+06
SL-B33 PR-50 GI-0.1;2;2 18 23 6 30 15 12 21 10 11 1 20 4 26 9 28 25 3 27 16 29 24 19 22 17 5 13 14 8 7 ;2.20098e+06;10 29 19 4 25 17 26 30 2 16 18 20 7 12 9 28 21 3 27 1 14 24 13 8 15 6 5 22 23 11 ;1.94554e+06
SL-B33 PR-50 GI-0.1;3;15 14 4 16 3 5 10 13 1 9 24 17 21 27 11 30 23 22 19 20 26 18 25 28 29 7 8 6 12 2 ;2.24782e+06;18 1 4 11 19 22 25 13 27 9 15 26 21 28 8 30 23 10 3 29 12 24 17 16 5 7 14 6 20 2 ;1.89636e+06
SL-B33 PR-50 GI-0.1;4;28 11 18 30 12 21 17 5 14 3 1 24 6 29 2 7 9 15 16 19 25 27 23 4 13 20 22 10 8 26 ;2.2279e+06;10 23 13 19 12 25 4 5 14 3 9 15 6 2 20 7 1 29 16 17 27 18 21 8 11 28 22 24 30 26 ;1.90588e+06
SL-B33 PR-50 GI-0.1;5;4 17 11 8 6 21 3 12 5 15 9 27 29 10 16 25 23 18 28 20 24 22 30 14 1 26 13 2 7 19 ;2.24441e+06;4 17 18 9 6 14 22 29 12 15 11 23 1 2 16 25 19 30 28 20 5 3 27 21 10 26 13 8 7 24 ;1.94424e+06
SL-B50 PR-50 GI-0.1;1;5 26 16 30 12 21 19 2 18 17 11 15 6 27 25 10 22 3 20 1 8 7 28 23 24 29 4 9 13 14 ;2.22777e+06;20 8 16 6 22 13 19 14 18 2 11 12 5 15 25 17 3 27 10 24 26 7 28 23 1 29 4 9 30 21 ;1.91673e+06
SL-B50 PR-50 GI-0.1;2;24 5 2 13 9 12 23 29 3 8 30 14 7 4 19 21 10 25 1 6 15 28 18 26 20 17 22 16 27 11 ;2.24851e+06;14 27 5 11 19 28 6 12 15 8 26 16 7 9 24 21 10 18 1 13 23 29 3 25 20 17 22 2 30 4 ;1.91138e+06
SL-B50 PR-50 GI-0.1;3;2 12 8 13 3 17 4 15 27 21 18 9 19 24 30 16 14 26 7 11 6 22 10 25 1 23 29 20 5 28 ;2.18462e+06;10 8 12 16 13 2 5 14 27 24 18 21 19 23 29 3 15 26 17 6 9 22 7 25 1 11 30 20 4 28 ;1.94436e+06
SL-B50 PR-50 GI-0.1;4;23 8 28 9 11 27 15 21 5 6 17 24 20 16 26 30 12 29 14 19 18 3 25 22 4 2 1 13 7 10 ;2.16751e+06;26 27 28 13 11 19 10 25 2 23 29 7 20 9 15 30 12 14 3 8 18 17 24 22 6 5 1 16 21 4 ;1.93289e+06
SL-B50 PR-50 GI-0.1;5;21 27 5 20 15 17 11 7 1 10 6 16 19 12 30 13 22 24 2 9 18 8 26 23 29 4 25 3 14 28 ;2.1563e+06;21 27 5 17 14 28 11 7 1 4 6 29 20 8 9 13 22 24 2 30 18 26 12 3 16 10 25 19 15 23 ;1.94738e+06
SL-B2 PR-50 GI-0.2;1;2 26 22 9 19 5 10 29 6 3 28 17 13 8 7 14 21 16 18 15 1 27 25 30 11 12 24 4 20 23 ;2.19601e+06;29 24 3 23 13 5 7 2 6 17 28 15 10 16 27 14 21 8 26 22 1 11 19 30 9 12 18 4 20 25 ;1.96267e+06
SL-B2 PR-50 GI-0.2;2;24 10 15 17 22 11 4 23 14 5 28 13 30 2 20 1 9 8 21 26 7 27 19 3 16 29 6 25 12 18 ;2.18643e+06;8 10 15 19 4 26 3 23 27 5 17 14 30 20 2 1 9 13 16 28 12 24 22 11 21 7 6 29 25 18 ;1.93596e+06
SL-B2 PR-50 GI-0.2;3;30 28 9 12 4 7 8 29 5 22 24 1 11 14 3 17 20 21 25 2 10 27 15 13 6 16 18 19 26 23 ;2.14332e+06;30 28 2 5 21 19 4 14 12 22 29 1 25 9 3 7 20 8 17 15 10 18 24 23 6 27 16 11 26 13 ;1.94184e+06
SL-B2 PR-50 GI-0.2;4;9 2 6 19 28 5 20 4 10 21 1 3 25 13 11 29 17 8 7 16 22 15 12 24 27 14 26 23 18 30 ;2.20402e+06;23 19 6 2 4 16 20 29 10 12 1 14 3 8 11 18 24 25 15 5 22 7 13 17 27 28 26 9 21 30 ;1.94847e+06
SL-B2 PR-50 GI-0.2;5;4 10 5 14 7 19 9 12 29 18 2 1 17 15 11 16 28 26 30 20 3 25 6 21 13 22 24 23 8 27 ;2.22013e+06;4 13 19 14 7 5 8 24 29 25 16 1 17 18 11 26 30 12 28 20 23 21 15 6 10 22 2 3 9 27 ;1.97205e+06
SL-B33 PR-50 GI-0.2;1;7 4 12 29 18 9 1 26 2 23 22 16 17 19 15 5 28 6 11 25 10 30 3 24 27 14 20 8 13 21 ;2.14863e+06;17 4 15 29 16 9 1 26 2 23 22 18 24 19 12 5 28 3 11 14 10 30 20 21 27 7 13 8 25 6 ;1.9685e+06
SL-B33 PR-50 GI-0.2;2;28 3 11 5 12 16 8 19 2 30 26 14 4 25 27 13 10 23 1 29 7 17 9 6 21 20 24 22 15 18 ;2.2021e+06;21 29 13 5 4 30 26 19 2 16 18 14 12 20 27 22 10 23 8 3 7 17 24 6 15 1 9 11 28 25 ;1.91757e+06
SL-B33 PR-50 GI-0.2;3;8 30 10 27 14 16 22 28 17 23 5 26 2 24 3 9 1 11 12 4 19 6 25 21 15 13 18 7 29 20 ;2.14826e+06;8 18 10 12 14 16 22 29 30 23 5 26 11 7 15 9 28 2 27 4 19 6 17 21 3 1 25 24 13 20 ;1.93842e+06
SL-B33 PR-50 GI-0.2;4;11 16 2 10 28 29 18 15 1 25 19 6 14 17 9 23 24 4 27 3 22 5 20 7 21 12 30 13 8 26 ;2.18074e+06;11 18 12 24 14 29 16 15 27 25 19 6 28 17 2 22 21 4 1 3 23 5 20 7 10 30 9 13 8 26 ;1.97298e+06
SL-B33 PR-50 GI-0.2;5;17 12 22 30 11 2 26 15 9 21 24 5 25 10 20 4 14 23 13 28 29 8 1 18 19 16 27 3 6 7 ;2.18674e+06;21 12 11 30 26 2 25 10 5 1 22 14 23 24 20 4 17 18 13 28 19 29 9 27 8 16 15 3 6 7 ;1.9488e+06
SL-B50 PR-50 GI-0.2;1;24 27 21 17 1 25 20 15 18 9 12 16 30 23 3 10 11 22 26 6 28 4 2 8 29 13 7 14 5 19 ;2.19979e+06;3 27 19 24 5 4 20 23 18 10 12 16 8 21 1 9 15 22 26 11 28 25 2 29 17 13 7 14 30 6 ;1.93412e+06
SL-B50 PR-50 GI-0.2;2;13 2 5 7 29 21 28 18 14 17 27 19 8 6 9 10 20 11 12 3 16 30 1 24 26 22 25 23 4 15 ;2.24543e+06;18 17 16 7 29 5 28 15 21 9 19 11 2 6 8 13 20 14 24 3 27 30 1 23 26 22 25 10 4 12 ;1.94726e+06
SL-B50 PR-50 GI-0.2;3;22 29 2 6 20 24 14 16 9 27 7 17 8 4 12 15 21 11 26 28 3 18 1 5 10 30 25 13 19 23 ;2.17572e+06;22 20 16 24 14 3 21 30 28 27 7 12 8 17 26 15 29 11 9 6 4 18 1 5 10 2 25 13 19 23 ;1.95096e+06
SL-B50 PR-50 GI-0.2;4;8 2 13 29 15 26 4 19 23 20 5 12 11 1 3 21 27 28 7 24 14 17 16 18 10 6 9 30 25 22 ;2.19737e+06;27 2 13 28 16 11 4 19 23 20 1 30 5 15 3 18 8 10 7 24 26 29 6 21 22 14 9 12 25 17 ;1.91809e+06
SL-B50 PR-50 GI-0.2;5;20 6 5 14 10 9 2 30 15 23 1 25 24 17 12 18 7 3 16 13 4 8 27 26 28 11 29 22 21 19 ;2.22773e+06;20 10 5 28 7 16 2 30 15 25 18 23 27 17 9 11 24 3 8 13 6 1 14 26 4 12 29 22 21 19 ;1.95598e+06
SL-B2 PR-50 GI-0.3;1;5 17 13 20 28 29 18 25 21 30 9 26 15 24 6 22 16 7 14 12 23 8 19 1 2 27 3 11 10 4 ;2.21511e+06;21 23 19 6 25 4 30 28 22 13 9 24 15 29 26 7 8 5 14 20 10 16 18 1 2 12 3 11 17 27 ;1.96763e+06
SL-B2 PR-50 GI-0.3;2;28 3 10 17 7 12 27 4 13 29 8 21 5 24 19 25 22 11 26 14 6 20 9 23 18 2 15 16 30 1 ;2.18602e+06;28 5 21 17 19 16 26 30 13 29 7 4 10 24 2 25 1 8 27 14 3 20 9 23 18 11 15 12 6 22 ;1.9575e+06
SL-B2 PR-50 GI-0.3;3;18 24 21 26 1 17 22 14 12 5 20 25 6 29 16 15 19 10 11 27 23 13 2 4 30 3 28 9 8 7 ;2.22269e+06;18 17 21 7 19 5 6 14 23 20 26 30 8 2 1 16 12 10 24 4 11 29 27 15 25 3 28 9 22 13 ;1.91977e+06
SL-B2 PR-50 GI-0.3;4;9 20 3 2 11 7 13 26 23 14 24 17 16 8 19 27 21 10 28 25 12 15 4 6 18 30 29 5 22 1 ;2.1777e+06;7 20 30 18 25 15 13 9 2 14 12 24 22 8 26 6 21 10 28 19 17 16 5 27 23 11 29 3 4 1 ;1.96427e+06
SL-B2 PR-50 GI-0.3;5;20 18 26 12 8 17 9 22 4 2 24 21 10 14 25 5 19 6 30 23 13 3 29 16 15 27 11 1 7 28 ;2.19983e+06;20 14 30 4 25 17 21 22 27 18 24 23 10 12 8 5 7 9 26 6 13 16 28 29 15 2 11 1 19 3 ;1.95265e+06
SL-B33 PR-50 GI-0.3;1;17 16 27 15 26 24 22 1 6 11 14 5 29 21 8 28 9 13 3 7 23 18 4 19 12 2 25 20 10 30 ;2.14193e+06;17 18 30 15 5 24 22 1 6 11 3 12 29 21 8 28 9 19 27 7 23 16 14 13 4 2 25 26 10 20 ;1.96346e+06
SL-B33 PR-50 GI-0.3;2;2 17 10 11 9 29 5 20 28 13 30 23 4 18 22 16 15 12 1 8 7 27 14 19 21 26 25 3 24 6 ;2.19132e+06;2 17 6 11 9 29 5 20 30 13 19 22 7 10 25 16 3 12 1 18 8 27 14 21 28 26 23 15 24 4 ;1.96874e+06
SL-B33 PR-50 GI-0.3;3;13 16 10 24 2 18 5 3 20 23 9 27 22 7 6 14 1 12 25 4 21 28 19 8 11 26 30 15 29 17 ;2.16135e+06;13 11 10 8 2 18 5 16 26 3 9 4 7 23 6 14 1 12 20 25 21 28 19 24 22 27 30 15 29 17 ;1.98288e+06
SL-B33 PR-50 GI-0.3;4;11 28 8 21 1 4 14 12 29 20 9 19 30 3 24 6 23 26 18 27 13 22 10 7 15 25 2 16 5 17 ;2.19924e+06;11 28 18 21 30 16 14 12 29 9 4 24 1 3 20 7 23 26 8 15 13 22 10 19 27 25 2 6 5 17 ;1.96662e+06
SL-B33 PR-50 GI-0.3;5;15 12 14 13 24 30 9 27 11 1 26 2 16 29 8 25 20 28 3 17 18 5 19 21 10 22 7 23 4 6 ;2.17751e+06;15 27 24 13 16 30 9 12 14 19 21 2 23 17 8 25 29 28 3 1 18 20 5 26 10 22 7 11 4 6 ;1.96692e+06
SL-B50 PR-50 GI-0.3;1;27 7 17 23 11 14 4 2 18 29 13 1 19 22 25 5 26 15 10 16 24 28 12 8 21 3 6 30 20 9 ;2.13763e+06;12 20 17 23 25 14 4 1 10 29 13 2 19 22 27 30 26 15 11 5 16 28 18 8 24 3 6 21 7 9 ;1.92764e+06
SL-B50 PR-50 GI-0.3;2;12 15 14 18 30 19 23 10 22 9 13 21 28 16 4 29 7 27 26 3 1 2 11 25 6 20 24 17 8 5 ;2.16809e+06;21 15 19 24 30 14 23 27 22 29 13 9 28 16 25 7 4 10 8 3 1 2 11 17 6 20 18 12 5 26 ;1.95017e+06
SL-B50 PR-50 GI-0.3;3;9 22 19 11 14 30 21 27 28 20 12 5 15 29 3 24 6 17 1 25 26 2 16 4 13 10 18 23 7 8 ;2.27909e+06;5 22 19 29 11 30 21 27 24 17 1 9 15 20 3 12 16 8 26 25 6 2 4 14 13 10 18 23 28 7 ;1.96322e+06
SL-B50 PR-50 GI-0.3;4;27 5 26 11 9 10 15 23 14 19 24 30 2 8 4 18 22 28 21 16 17 20 29 3 13 6 7 1 25 12 ;2.146e+06;27 12 23 15 10 14 11 26 9 19 24 30 2 8 4 22 18 28 21 16 17 20 29 3 13 6 7 1 25 5 ;1.98723e+06
SL-B50 PR-50 GI-0.3;5;20 9 18 19 16 21 28 24 2 12 25 13 29 27 4 30 5 11 3 7 8 23 15 6 1 14 26 10 22 17 ;2.18216e+06;20 9 18 14 16 5 28 17 2 29 15 13 12 27 23 30 22 7 10 3 8 4 21 6 1 19 26 11 25 24 ;1.95947e+06
SL-B2 PR-50 GI-0.5;1;14 20 10 27 9 16 21 5 2 19 26 29 8 6 12 24 22 11 15 28 30 17 13 23 1 4 7 18 25 3 ;2.18178e+06;14 20 10 7 25 11 21 17 30 19 26 29 16 6 12 24 5 22 15 2 8 23 28 9 1 4 27 18 13 3 ;1.98535e+06
SL-B2 PR-50 GI-0.5;2;18 20 27 12 25 2 13 28 24 1 4 6 7 30 19 22 3 10 23 9 16 11 14 17 29 21 15 5 26 8 ;2.19909e+06;29 25 11 18 14 24 13 28 2 5 26 6 7 17 12 22 3 20 23 9 16 27 10 30 19 21 15 1 4 8 ;2.00339e+06
SL-B2 PR-50 GI-0.5;3;2 29 26 25 23 19 11 3 24 8 6 17 7 16 27 10 13 4 9 28 22 5 30 12 14 20 21 15 18 1 ;2.20322e+06;2 21 26 25 30 19 11 3 16 8 7 29 6 24 27 10 17 9 12 1 4 5 13 23 14 20 18 15 22 28 ;1.97117e+06
SL-B2 PR-50 GI-0.5;4;2 21 30 5 29 19 28 3 20 6 17 12 11 7 8 13 27 4 15 10 16 24 25 22 14 1 26 23 9 18 ;2.15723e+06;2 21 30 24 16 19 22 3 20 27 17 13 15 23 8 25 6 4 12 10 7 5 29 28 14 1 26 11 9 18 ;1.94585e+06
SL-B2 PR-50 GI-0.5;5;28 25 5 4 21 7 19 14 26 20 18 12 23 27 29 24 3 13 11 30 15 16 10 9 6 1 17 2 8 22 ;2.22017e+06;5 25 16 4 21 18 17 2 26 24 20 10 15 27 29 14 3 13 11 30 28 8 23 9 6 19 12 7 1 22 ;2.0119e+06
SL-B33 PR-50 GI-0.5;1;3 10 5 8 17 6 26 23 15 16 2 18 30 29 1 22 14 7 21 24 28 12 13 4 27 9 11 19 25 20 ;2.12153e+06;3 17 5 14 30 6 26 20 15 23 2 18 19 29 10 22 21 7 8 24 28 12 13 4 27 9 11 1 25 16 ;1.96902e+06
SL-B33 PR-50 GI-0.5;2;20 9 21 23 30 6 25 8 28 13 22 26 17 10 14 3 24 4 19 2 12 11 1 18 16 27 5 7 29 15 ;2.19692e+06;8 9 23 17 30 22 4 20 28 7 21 26 3 24 25 5 10 14 6 2 12 11 1 18 16 27 13 19 29 15 ;1.95977e+06
SL-B33 PR-50 GI-0.5;3;9 2 29 7 23 21 25 1 6 18 28 26 8 16 10 3 30 14 4 24 13 17 19 20 27 11 22 5 12 15 ;2.19246e+06;2 9 29 7 30 12 15 1 6 27 28 19 8 17 10 16 25 14 4 24 13 11 23 20 18 3 22 5 21 26 ;1.98842e+06
SL-B33 PR-50 GI-0.5;4;8 13 21 17 9 18 6 24 28 12 14 15 25 27 5 11 1 16 20 26 10 7 23 3 4 30 2 19 29 22 ;2.21611e+06;8 2 21 17 6 5 26 24 28 18 14 15 25 27 22 12 1 10 20 9 16 7 23 11 3 30 4 19 29 13 ;1.98549e+06
SL-B33 PR-50 GI-0.5;5;21 24 8 27 22 18 12 26 23 9 5 11 25 16 7 29 17 14 30 4 19 6 28 2 13 3 1 20 10 15 ;2.22265e+06;21 24 8 27 22 6 28 26 23 9 5 19 25 16 7 11 17 14 1 4 29 18 12 2 15 3 30 20 10 13 ;2.05821e+06
SL-B50 PR-50 GI-0.5;1;29 28 26 19 2 15 27 16 23 14 17 3 25 22 11 18 9 10 12 8 13 21 5 7 6 30 4 1 20 24 ;2.16039e+06;11 28 13 30 2 15 27 7 23 14 17 22 25 29 19 3 9 10 12 8 18 21 5 16 6 26 4 1 20 24 ;2.00446e+06
SL-B50 PR-50 GI-0.5;2;25 4 16 1 3 14 22 30 11 29 23 10 26 2 24 13 17 12 27 15 5 18 20 19 7 6 8 21 9 28 ;2.20781e+06;25 4 12 23 5 14 11 30 16 8 3 13 26 2 24 10 17 29 27 15 1 18 20 22 7 6 19 21 9 28 ;2.028e+06
SL-B50 PR-50 GI-0.5;3;22 29 28 19 12 20 11 24 9 25 30 13 3 23 1 5 6 15 18 26 14 7 16 21 10 8 27 4 2 17 ;2.14157e+06;2 6 28 19 12 20 1 24 9 25 16 3 13 23 27 4 29 15 18 26 14 30 11 21 10 8 7 5 22 17 ;1.99533e+06
SL-B50 PR-50 GI-0.5;4;16 8 10 17 13 3 29 30 18 27 1 20 21 28 23 19 9 5 22 4 11 15 26 7 14 12 24 25 6 2 ;2.20958e+06;16 8 29 17 13 3 27 11 18 10 1 25 20 26 23 19 9 15 22 4 30 5 28 7 6 2 24 21 14 12 ;1.99905e+06
SL-B50 PR-50 GI-0.5;5;27 15 23 16 1 29 21 4 12 28 7 20 22 26 5 17 11 10 18 9 6 2 14 30 13 25 24 8 3 19 ;2.21352e+06;27 1 24 16 22 23 8 4 28 20 7 15 3 26 5 17 11 10 18 9 6 2 14 30 13 25 29 21 12 19 ;2.01436e+06
SL-B2 PR-100 GI-0.1;1;22 4 25 9 13 12 29 7 28 11 21 24 8 14 17 6 26 19 15 23 20 18 30 1 3 2 16 10 27 5 ;2.19713e+06;18 11 27 7 19 3 24 9 22 4 21 14 15 26 8 6 28 17 13 23 20 30 10 1 12 2 16 29 25 5 ;1.94091e+06
SL-B2 PR-100 GI-0.1;2;2 16 22 29 30 19 26 1 9 18 4 5 6 8 25 28 23 14 10 12 11 20 13 3 21 24 17 27 15 7 ;2.18851e+06;17 16 5 8 6 11 26 10 4 18 14 2 7 24 20 28 23 21 27 12 22 19 29 13 3 9 1 15 25 30 ;1.93252e+06
SL-B2 PR-100 GI-0.1;3;27 30 4 6 3 12 23 10 2 16 7 20 29 24 1 17 26 21 11 13 9 14 25 18 15 8 28 22 5 19 ;2.18472e+06;27 15 4 2 30 18 14 23 19 16 10 20 17 25 29 5 26 21 3 7 9 12 1 13 24 8 6 28 22 11 ;1.89239e+06
SL-B2 PR-100 GI-0.1;4;10 14 9 21 19 1 28 2 30 3 11 13 18 26 23 5 22 25 20 27 8 7 24 12 16 6 17 29 4 15 ;2.2033e+06;10 9 7 22 26 25 28 14 2 3 20 13 30 15 11 5 21 1 29 27 12 18 24 8 16 6 23 17 4 19 ;1.92546e+06
SL-B2 PR-100 GI-0.1;5;12 1 15 21 18 27 28 2 5 29 4 13 22 17 16 6 20 9 10 11 7 3 25 14 30 19 8 24 26 23 ;2.16427e+06;1 11 13 21 30 25 9 2 28 16 29 23 27 3 22 6 7 4 10 15 8 20 14 26 18 19 17 12 5 24 ;1.93465e+06
SL-B66 PR-100 GI-0.1;1;17 19 1 9 10 29 13 5 11 4 25 16 28 27 3 6 21 12 23 30 22 8 15 14 26 24 7 2 18 20 ;2.22397e+06;2 19 17 9 25 10 12 26 29 4 13 16 3 27 28 6 1 14 23 20 22 8 15 11 7 24 5 18 30 21 ;1.94766e+06
SL-B66 PR-100 GI-0.1;2;20 8 14 29 13 3 12 10 2 7 4 11 19 25 6 1 22 16 21 15 23 27 9 24 5 26 17 18 28 30 ;2.2228e+06;9 8 18 7 13 28 26 11 2 29 21 24 25 23 6 1 10 27 15 5 19 22 20 3 12 4 17 14 16 30 ;1.91922e+06
SL-B66 PR-100 GI-0.1;3;26 5 20 24 23 3 6 1 18 28 12 30 14 27 25 2 8 13 22 17 7 11 21 19 9 4 15 10 29 16 ;2.23803e+06;26 17 7 24 22 4 5 30 8 14 12 1 20 27 15 2 18 9 21 25 3 6 28 16 13 11 23 10 29 19 ;1.90869e+06
SL-B66 PR-100 GI-0.1;4;24 10 22 17 27 7 2 1 18 29 13 21 11 26 28 19 8 5 3 6 20 25 30 16 23 15 4 12 14 9 ;2.17691e+06;24 10 25 13 28 9 5 1 18 11 27 4 15 16 3 19 8 2 29 6 20 22 26 21 23 30 17 12 14 7 ;1.93441e+06
SL-B66 PR-100 GI-0.1;5;19 9 11 2 3 8 10 23 15 18 28 17 25 12 7 24 14 30 16 21 26 29 13 20 1 6 22 5 4 27 ;2.2238e+06;12 26 22 2 28 30 11 23 15 8 3 14 10 16 7 25 6 9 19 21 17 24 13 20 1 18 29 27 4 5 ;1.88673e+06
SL-B100 PR-100 GI-0.1;1;7 14 22 29 12 23 20 30 2 24 25 15 6 17 13 16 5 19 21 8 18 28 10 26 3 1 11 4 27 9 ;2.2165e+06;7 14 22 27 25 23 15 30 11 4 8 21 29 28 18 26 5 3 20 12 13 24 10 16 2 17 6 1 19 9 ;1.91201e+06
SL-B100 PR-100 GI-0.1;2;12 26 21 8 4 27 19 1 7 25 6 23 13 28 20 5 3 16 30 22 24 10 17 9 29 14 11 15 2 18 ;2.19148e+06;3 20 21 4 11 12 19 16 25 18 28 17 24 6 26 9 29 1 27 22 13 23 10 8 5 14 30 15 7 2 ;1.87724e+06
SL-B100 PR-100 GI-0.1;3;16 12 7 26 22 4 10 9 18 17 8 2 1 24 21 3 20 11 27 19 13 30 5 28 23 29 14 25 6 15 ;2.20944e+06;13 12 30 26 22 15 27 28 18 6 24 2 1 8 23 29 20 11 17 19 3 4 5 25 10 16 14 9 21 7 ;1.9295e+06
SL-B100 PR-100 GI-0.1;4;30 16 17 23 19 21 3 27 24 28 7 20 26 14 6 12 10 15 25 29 8 2 5 11 4 18 1 22 13 9 ;2.22797e+06;15 4 17 23 19 7 14 2 6 11 28 20 29 10 25 30 22 1 24 3 8 27 18 12 16 5 26 21 13 9 ;1.92044e+06
SL-B100 PR-100 GI-0.1;5;25 28 9 16 23 1 7 4 21 12 24 19 5 13 14 26 27 3 2 8 29 30 11 18 17 6 10 20 15 22 ;2.19669e+06;26 28 16 22 23 10 13 18 21 12 11 19 24 15 7 25 27 14 2 8 1 30 3 20 6 17 29 9 4 5 ;1.9477e+06
SL-B2 PR-100 GI-0.2;1;19 4 27 8 18 21 28 17 16 3 5 11 2 23 20 13 12 30 7 26 14 1 15 10 6 22 29 25 24 9 ;2.22774e+06;21 4 2 8 18 22 28 7 11 23 27 20 15 30 12 3 17 1 6 26 14 5 16 9 19 13 29 25 24 10 ;1.96092e+06
SL-B2 PR-100 GI-0.2;2;18 27 30 29 24 7 13 22 9 5 2 6 20 16 15 10 26 8 17 28 1 3 12 21 25 14 23 11 4 19 ;2.18693e+06;22 27 30 1 23 7 13 15 9 18 19 28 17 16 2 6 21 8 20 14 26 12 24 10 5 25 29 11 4 3 ;1.93286e+06
SL-B2 PR-100 GI-0.2;3;21 22 25 19 17 6 28 15 14 2 12 1 24 23 30 10 9 3 4 29 5 7 20 8 11 18 13 27 26 16 ;2.18548e+06;10 24 22 2 17 6 11 28 26 29 13 1 7 23 30 25 21 3 19 14 16 5 20 8 12 18 4 27 9 15 ;1.92503e+06
SL-B2 PR-100 GI-0.2;4;14 4 23 1 13 5 7 17 2 26 29 27 22 20 19 9 8 11 16 3 21 28 15 10 24 30 12 6 25 18 ;2.21648e+06;13 17 19 7 14 2 27 4 21 26 16 11 1 20 6 9 8 24 10 3 5 22 15 23 28 30 29 12 25 18 ;1.93892e+06
SL-B2 PR-100 GI-0.2;5;19 13 24 7 23 10 22 11 17 25 14 2 5 18 9 26 20 21 29 15 27 16 30 1 28 8 6 4 12 3 ;2.20571e+06;22 14 24 25 30 21 10 19 7 13 20 4 8 15 9 26 5 2 29 18 17 16 23 1 28 11 6 27 12 3 ;1.95185e+06
SL-B66 PR-100 GI-0.2;1;28 7 12 16 6 23 30 2 21 15 5 22 11 10 20 14 25 1 29 26 8 18 27 19 4 9 13 24 3 17 ;2.14782e+06;14 7 3 16 6 15 11 10 21 23 17 22 30 2 20 28 27 1 12 26 8 18 29 19 4 9 13 24 25 5 ;1.92958e+06
SL-B66 PR-100 GI-0.2;2;28 17 16 3 15 19 25 9 26 21 7 23 30 4 22 14 20 6 29 12 8 27 11 1 18 13 2 5 10 24 ;2.25555e+06;30 3 16 17 4 19 25 14 7 21 1 26 11 29 24 5 8 6 27 12 20 2 28 10 18 13 15 9 23 22 ;1.92141e+06
SL-B66 PR-100 GI-0.2;3;12 6 4 2 29 20 15 19 25 7 5 26 9 17 22 28 30 8 10 18 24 16 1 21 23 14 11 27 13 3 ;2.2442e+06;6 20 12 2 4 22 24 19 5 23 29 26 18 30 7 28 9 17 10 8 15 16 1 21 11 14 25 27 13 3 ;1.96064e+06
SL-B66 PR-100 GI-0.2;4;17 28 19 8 21 29 13 7 15 27 11 14 4 25 26 30 12 22 1 2 18 5 23 20 10 16 9 3 6 24 ;2.14342e+06;15 21 30 8 12 29 19 7 28 27 11 14 4 17 26 13 9 22 23 2 18 5 1 20 10 16 25 3 6 24 ;1.94427e+06
SL-B66 PR-100 GI-0.2;5;21 13 1 25 4 3 20 15 5 7 8 9 10 26 16 18 27 30 2 12 14 11 28 17 24 19 29 23 22 6 ;2.15546e+06;21 15 30 24 4 26 20 13 5 19 8 9 10 25 23 18 27 17 1 16 22 12 28 2 3 7 29 11 14 6 ;1.93797e+06
SL-B100 PR-100 GI-0.2;1;15 4 20 3 29 8 22 11 14 16 1 2 19 17 23 25 13 27 5 7 18 26 30 28 10 9 6 24 12 21 ;2.16574e+06;15 5 28 3 30 13 22 8 21 25 1 2 19 17 23 20 29 27 14 7 18 11 26 4 10 9 6 24 12 16 ;1.95699e+06
SL-B100 PR-100 GI-0.2;2;6 26 5 28 22 16 25 18 9 10 17 24 23 12 8 19 11 21 14 15 4 30 29 20 7 27 13 2 3 1 ;2.20762e+06;3 1 14 28 25 16 22 18 9 5 17 24 7 26 8 30 11 21 27 15 19 4 29 6 12 23 13 10 2 20 ;1.95118e+06
SL-B100 PR-100 GI-0.2;3;11 5 9 27 19 6 3 30 17 20 2 4 23 21 22 13 1 15 28 24 26 14 12 8 25 29 16 18 7 10 ;2.20072e+06;3 10 15 4 19 25 28 30 2 18 24 20 23 21 27 13 9 1 16 17 26 14 7 8 6 29 22 11 12 5 ;1.91957e+06
SL-B100 PR-100 GI-0.2;4;12 29 27 2 17 26 25 1 20 28 16 15 6 8 23 10 24 18 3 21 13 22 5 30 14 9 19 4 7 11 ;2.16975e+06;17 29 27 2 25 26 13 16 20 4 6 15 12 8 21 1 10 18 3 23 22 19 24 28 14 9 11 5 7 30 ;1.94852e+06
SL-B100 PR-100 GI-0.2;5;22 26 11 14 4 30 21 9 29 23 20 28 18 7 24 13 6 10 19 25 1 12 2 16 5 27 8 17 15 3 ;2.23054e+06;22 18 7 14 4 30 21 9 6 3 15 28 23 16 25 13 29 10 12 24 26 19 1 2 17 20 8 5 27 11 ;1.96403e+06
SL-B2 PR-100 GI-0.3;1;24 15 4 7 8 20 19 21 14 13 11 27 28 22 17 26 1 5 25 16 18 6 12 30 2 9 3 23 10 29 ;2.23112e+06;8 20 7 10 5 9 19 16 14 24 11 1 13 22 17 26 27 15 28 21 4 6 12 3 2 23 30 18 25 29 ;1.90024e+06
SL-B2 PR-100 GI-0.3;2;28 4 30 12 6 23 20 24 15 9 14 3 21 11 5 26 16 13 7 17 1 19 25 18 2 29 8 10 22 27 ;2.17051e+06;28 4 30 12 17 7 14 22 15 9 3 20 2 11 16 25 6 21 1 27 29 5 19 18 13 23 8 10 26 24 ;1.97249e+06
SL-B2 PR-100 GI-0.3;3;6 30 20 8 24 22 4 1 13 10 14 28 15 5 9 11 16 17 29 3 26 25 27 2 18 21 23 19 12 7 ;2.2145e+06;17 16 5 8 7 22 30 1 13 10 14 28 3 26 23 11 20 29 6 24 25 4 27 19 18 21 9 15 12 2 ;1.96632e+06
SL-B2 PR-100 GI-0.3;4;14 12 23 22 16 2 4 19 3 6 28 15 13 26 5 7 17 29 21 11 25 9 18 1 8 27 20 24 30 10 ;2.12972e+06;13 12 23 16 22 2 19 14 3 6 28 15 11 26 20 7 17 29 21 27 25 18 9 1 24 8 4 5 30 10 ;1.96551e+06
SL-B2 PR-100 GI-0.3;5;22 23 20 27 14 26 5 9 24 19 11 6 8 17 15 18 28 10 29 12 1 3 7 4 30 2 25 13 16 21 ;2.19402e+06;29 12 15 11 14 4 5 28 22 7 27 6 8 2 20 23 18 10 21 24 30 3 17 26 1 16 9 13 19 25 ;1.91279e+06
SL-B66 PR-100 GI-0.3;1;17 1 30 20 22 16 24 13 14 2 21 19 18 27 28 9 10 25 5 4 3 11 23 15 7 29 26 6 8 12 ;2.23885e+06;17 1 30 12 5 25 9 18 11 13 27 10 24 14 19 6 8 16 22 4 3 21 23 15 7 29 26 28 2 20 ;1.97828e+06
SL-B66 PR-100 GI-0.3;2;17 5 29 3 8 16 28 27 4 23 11 2 9 20 18 22 19 30 6 14 13 10 1 25 12 21 26 24 7 15 ;2.20718e+06;9 6 13 25 30 3 28 27 4 23 17 19 8 2 18 22 29 20 16 14 7 10 1 11 12 21 26 24 5 15 ;1.94548e+06
SL-B66 PR-100 GI-0.3;3;12 29 15 8 4 17 18 23 26 28 6 11 21 9 1 27 25 19 3 7 13 22 2 10 5 24 14 30 20 16 ;2.21825e+06;16 22 15 17 4 8 18 23 27 28 6 11 5 9 1 26 25 19 12 7 13 29 10 2 21 3 24 30 20 14 ;1.97138e+06
SL-B66 PR-100 GI-0.3;4;24 1 13 25 30 12 27 26 28 5 22 20 4 19 18 3 7 21 8 6 14 29 15 17 11 2 10 23 16 9 ;2.22446e+06;19 8 13 25 30 6 12 3 21 5 26 20 4 28 22 7 10 15 18 1 14 17 29 2 24 27 11 23 16 9 ;1.94109e+06
SL-B66 PR-100 GI-0.3;5;19 21 8 2 4 12 14 1 29 6 9 28 23 16 17 13 18 30 5 27 20 15 10 3 25 24 26 7 11 22 ;2.2012e+06;19 23 8 3 4 29 2 21 12 6 22 30 16 28 17 13 9 1 15 27 20 5 10 11 25 18 26 14 7 24 ;1.95373e+06
SL-B100 PR-100 GI-0.3;1;10 15 21 18 14 19 30 2 26 13 4 6 3 24 16 29 23 9 25 11 17 12 7 28 1 5 22 20 27 8 ;2.18362e+06;10 15 21 11 30 19 27 4 26 9 22 6 3 24 16 12 8 18 25 14 17 29 7 28 1 5 2 20 23 13 ;1.96825e+06
SL-B100 PR-100 GI-0.3;2;11 26 30 23 13 18 2 1 28 7 17 27 10 14 9 21 6 29 8 5 19 15 20 22 25 4 3 16 12 24 ;2.30543e+06;6 26 9 23 22 25 2 1 12 11 8 27 21 17 3 30 10 13 19 5 29 15 20 14 18 4 7 16 28 24 ;2.00202e+06
SL-B100 PR-100 GI-0.3;3;12 14 16 30 22 15 10 21 2 23 11 25 27 18 5 26 6 19 28 20 29 17 13 9 8 3 1 7 4 24 ;2.22622e+06;16 14 3 26 25 12 10 1 2 23 11 19 8 18 5 30 6 15 28 20 29 17 13 9 27 22 21 7 4 24 ;1.99033e+06
SL-B100 PR-100 GI-0.3;4;28 12 7 4 21 20 25 13 5 8 17 9 23 24 27 15 22 11 18 30 10 19 29 26 2 1 16 3 14 6 ;2.12448e+06;29 12 25 4 21 20 7 15 23 19 17 5 18 9 27 24 22 11 13 30 10 8 26 28 2 1 16 3 14 6 ;1.98813e+06
SL-B100 PR-100 GI-0.3;5;25 27 19 2 22 5 18 8 24 15 30 21 11 17 12 7 3 10 26 6 1 9 14 23 29 20 13 4 16 28 ;2.14862e+06;8 14 19 2 30 5 10 27 24 17 11 21 29 15 12 7 25 18 26 6 1 9 20 23 22 3 13 16 4 28 ;1.9656e+06
SL-B2 PR-100 GI-0.5;1;6 14 22 8 11 27 4 20 10 7 13 3 1 12 18 21 23 15 25 2 28 5 29 17 24 9 16 19 30 26 ;2.15332e+06;18 14 12 26 22 13 23 20 4 7 11 2 1 8 6 21 3 27 25 15 28 5 29 17 10 9 16 19 30 24 ;1.9546e+06
SL-B2 PR-100 GI-0.5;2;25 3 26 21 28 8 16 5 7 4 2 14 17 24 27 10 12 19 18 20 22 9 1 29 23 6 30 15 13 11 ;2.19002e+06;25 3 8 22 28 5 16 17 30 4 29 14 26 24 27 10 12 19 18 15 21 7 6 20 23 1 9 2 13 11 ;1.96727e+06
SL-B2 PR-100 GI-0.5;3;17 25 26 23 5 6 8 1 14 30 10 20 16 21 29 7 9 4 12 2 24 19 15 3 11 27 13 18 28 22 ;2.15375e+06;17 3 26 15 5 9 22 1 14 30 10 2 16 4 29 24 28 21 12 20 6 23 18 7 11 27 13 8 25 19 ;1.91173e+06
SL-B2 PR-100 GI-0.5;4;11 18 4 26 5 8 27 10 23 20 9 30 28 15 6 17 16 7 3 1 29 2 13 14 22 24 21 25 12 19 ;2.18184e+06;2 18 28 26 5 25 11 16 29 20 4 13 30 15 6 17 10 7 3 1 23 14 9 21 22 27 24 12 8 19 ;1.98316e+06
SL-B2 PR-100 GI-0.5;5;24 17 16 30 23 22 5 1 27 29 26 10 15 25 18 9 4 3 8 6 28 19 7 21 11 13 2 12 14 20 ;2.20751e+06;24 17 29 30 18 28 14 1 12 27 10 26 7 9 16 23 4 15 8 13 22 19 3 21 11 6 2 25 5 20 ;1.9594e+06
SL-B66 PR-100 GI-0.5;1;26 23 22 27 29 19 11 28 17 3 8 12 13 25 7 24 21 15 20 16 5 6 30 18 4 10 14 1 9 2 ;2.16281e+06;2 8 22 27 29 16 11 3 15 30 23 12 13 25 7 24 21 17 20 19 5 6 28 18 9 10 14 1 4 26 ;1.97472e+06
SL-B66 PR-100 GI-0.5;2;15 30 21 23 29 19 12 13 22 26 4 17 10 3 5 11 25 18 1 24 8 7 2 20 9 28 6 14 27 16 ;2.205e+06;11 27 21 23 10 12 18 30 22 26 4 17 29 8 5 15 2 19 1 3 24 7 13 20 9 28 6 14 25 16 ;1.9972e+06
SL-B66 PR-100 GI-0.5;3;1 18 30 25 28 20 26 24 4 21 11 5 15 29 13 2 3 8 7 16 6 10 12 22 19 9 14 23 27 17 ;2.18558e+06;18 1 4 25 28 20 19 22 30 21 11 23 15 29 13 17 3 8 7 16 5 10 26 6 2 12 14 9 27 24 ;2.00267e+06
SL-B66 PR-100 GI-0.5;4;1 28 13 25 8 10 7 18 23 27 26 24 14 17 15 16 5 12 20 6 3 30 9 21 2 29 4 19 11 22 ;2.21659e+06;2 28 13 25 23 10 7 18 12 6 16 24 17 14 19 26 5 15 20 8 3 30 9 21 1 29 4 27 11 22 ;1.99761e+06
SL-B66 PR-100 GI-0.5;5;4 14 6 1 7 2 5 17 9 18 26 24 25 3 27 13 15 21 30 19 29 16 11 20 23 12 28 22 10 8 ;2.20874e+06;1 14 6 4 7 2 13 17 9 18 27 24 25 3 26 16 8 21 5 19 29 23 11 20 15 12 28 30 22 10 ;1.99917e+06
SL-B100 PR-100 GI-0.5;1;7 14 17 20 26 15 16 28 21 11 1 18 30 25 19 12 29 13 22 9 3 2 8 24 23 27 4 5 6 10 ;2.24173e+06;11 14 17 19 26 16 15 28 21 13 1 22 30 27 20 12 29 6 18 9 23 2 8 24 3 10 4 5 7 25 ;2.02384e+06
SL-B100 PR-100 GI-0.5;2;7 24 23 28 6 14 25 11 10 8 2 3 9 15 20 5 4 1 12 18 30 21 22 13 16 27 17 29 19 26 ;2.18721e+06;26 24 23 28 6 13 25 4 17 15 2 3 9 21 8 5 10 1 14 18 30 11 22 12 16 27 20 29 19 7 ;2.00702e+06
SL-B100 PR-100 GI-0.5;3;16 2 21 1 26 8 30 29 25 12 4 20 13 22 17 11 18 28 6 14 10 15 5 23 27 7 24 3 19 9 ;2.16181e+06;16 2 24 12 26 8 30 19 25 13 4 1 21 22 5 11 18 28 6 20 10 15 17 23 27 7 9 3 29 14 ;2.0166e+06
SL-B100 PR-100 GI-0.5;4;13 9 5 2 24 11 25 19 18 1 17 12 15 8 21 26 28 14 16 7 29 27 20 4 23 30 6 3 10 22 ;2.2398e+06;25 26 5 2 24 11 13 19 15 1 23 12 3 8 21 16 20 14 17 18 29 7 28 4 9 30 6 27 10 22 ;2.0027e+06
SL-B100 PR-100 GI-0.5;5;19 24 8 27 25 12 2 16 18 22 29 28 6 1 15 30 17 9 20 7 5 13 23 11 26 14 10 21 3 4 ;2.2187e+06;1 24 21 27 25 12 2 16 18 22 29 28 8 15 3 30 26 11 10 7 5 13 23 9 17 14 20 6 19 4 ;1.98937e+06
SL-UT PR-33 GI-0.1;1;9 29 23 25 12 8 7 2 18 14 30 15 26 19 24 28 17 21 20 4 27 5 16 6 3 1 22 11 10 13 ;2.22033e+06;9 29 25 23 18 3 15 22 6 4 10 28 26 19 16 5 17 20 11 14 24 30 27 7 8 1 12 21 2 13 ;1.90497e+06
SL-UT PR-33 GI-0.1;2;23 13 14 2 21 16 12 22 30 5 27 7 8 4 15 1 11 17 10 19 24 29 28 25 6 20 18 26 9 3 ;2.20651e+06;19 18 14 12 21 25 5 8 30 13 27 22 16 10 15 7 11 17 1 23 20 29 28 24 6 2 4 26 9 3 ;1.91049e+06
SL-UT PR-33 GI-0.1;3;25 3 14 9 27 19 18 29 2 23 13 15 22 26 5 17 7 28 16 1 4 12 20 11 8 6 21 30 10 24 ;2.2303e+06;7 3 2 9 25 6 4 14 28 18 27 15 22 26 5 17 10 23 12 13 11 1 29 8 24 16 21 30 19 20 ;1.90395e+06
SL-UT PR-33 GI-0.1;4;1 4 12 25 17 19 27 9 20 21 14 26 10 30 6 23 18 11 28 2 5 7 22 8 16 13 29 3 15 24 ;2.21716e+06;1 10 24 25 30 7 5 29 17 22 18 13 4 11 6 23 20 15 28 2 27 19 3 8 26 16 9 12 14 21 ;1.92017e+06
SL-UT PR-33 GI-0.1;5;20 30 13 9 2 28 19 6 12 14 17 3 26 1 29 11 15 23 24 21 16 22 7 4 27 25 18 8 10 5 ;2.17867e+06;20 25 14 9 22 7 19 6 24 18 12 5 17 4 21 11 15 8 27 10 16 13 28 3 26 29 1 23 30 2 ;1.9003e+06
SL-UT PR-33 GI-0.2;1;15 5 11 16 18 30 23 6 20 1 9 26 24 7 19 12 17 14 25 21 29 10 27 2 3 8 4 22 28 13 ;2.22449e+06;23 8 26 16 6 30 15 10 25 1 13 5 7 27 19 12 3 9 20 18 29 21 17 2 24 11 4 22 28 14 ;1.95678e+06
SL-UT PR-33 GI-0.2;2;29 25 20 1 14 22 27 17 18 12 9 30 26 5 10 23 4 2 13 11 16 28 8 19 21 24 15 7 3 6 ;2.22616e+06;29 17 7 1 22 14 9 21 8 25 20 30 26 6 10 23 4 19 13 11 18 28 12 2 5 24 15 27 3 16 ;1.9512e+06
SL-UT PR-33 GI-0.2;3;25 24 7 26 14 2 19 15 18 16 30 13 11 10 20 21 23 6 8 22 1 29 28 17 12 5 3 9 27 4 ;2.20557e+06;20 8 18 26 14 19 25 15 10 16 27 23 29 24 22 21 13 6 3 4 1 11 5 17 30 2 7 9 28 12 ;1.91945e+06
SL-UT PR-33 GI-0.2;4;3 29 7 9 27 2 14 13 19 8 11 28 1 30 15 25 10 22 21 5 16 24 26 23 20 6 18 17 12 4 ;2.19876e+06;4 12 23 6 11 2 14 26 28 8 27 30 1 20 15 25 10 3 7 5 9 24 22 21 29 19 18 17 16 13 ;1.93476e+06
SL-UT PR-33 GI-0.2;5;4 26 17 5 14 7 25 20 29 13 30 22 2 27 9 24 21 16 19 10 18 23 12 28 1 6 11 8 3 15 ;2.11492e+06;22 26 19 5 20 7 12 18 30 13 8 25 2 27 9 24 15 16 17 21 29 10 11 28 1 6 23 3 4 14 ;1.92253e+06
SL-UT PR-33 GI-0.3;1;6 4 28 22 2 21 9 1 30 25 18 11 14 7 26 24 27 3 29 23 15 20 17 16 13 19 12 8 10 5 ;2.20856e+06;6 20 30 4 5 21 7 15 28 2 18 22 14 16 26 10 23 3 29 27 1 8 17 9 13 25 19 11 24 12 ;1.92971e+06
SL-UT PR-33 GI-0.3;2;7 14 5 18 16 13 11 21 6 30 23 1 12 28 25 17 29 19 24 20 15 3 22 9 10 4 2 8 27 26 ;2.2204e+06;7 8 13 18 16 2 28 15 6 30 23 25 3 14 20 24 29 10 17 1 5 22 27 9 19 4 21 26 11 12 ;1.95128e+06
SL-UT PR-33 GI-0.3;3;29 13 24 6 7 2 15 11 23 27 19 3 5 25 28 1 4 26 9 17 30 22 8 10 20 14 12 21 18 16 ;2.16432e+06;29 12 17 6 7 2 3 11 23 27 10 4 19 18 22 1 20 26 13 24 30 28 8 15 9 14 5 21 25 16 ;1.94689e+06
SL-UT PR-33 GI-0.3;4;12 6 14 27 23 5 2 30 10 11 21 22 26 8 17 20 7 18 1 9 28 25 16 19 29 3 15 4 13 24 ;2.24883e+06;12 26 6 1 29 5 2 3 22 11 20 15 14 30 17 28 24 18 9 23 21 25 7 19 27 8 10 4 13 16 ;1.92854e+06
SL-UT PR-33 GI-0.3;5;19 21 27 23 14 16 18 30 9 2 25 11 8 5 3 17 12 4 7 13 24 29 6 22 28 1 26 15 10 20 ;2.22539e+06;19 29 21 5 14 16 23 30 25 2 17 1 8 3 18 9 27 6 12 13 28 20 10 22 24 11 26 15 4 7 ;1.93384e+06
SL-UT PR-33 GI-0.5;1;7 1 23 24 12 4 25 6 2 14 28 29 22 17 19 15 20 13 11 18 3 30 27 26 5 10 9 16 8 21 ;2.20644e+06;3 28 23 24 12 4 17 26 2 14 13 29 18 10 19 15 20 1 27 22 11 30 7 5 9 25 6 16 8 21 ;1.98134e+06
SL-UT PR-33 GI-0.5;2;29 3 30 6 9 2 16 15 25 26 13 18 11 27 4 14 7 20 28 22 19 5 10 21 8 12 1 24 23 17 ;2.17294e+06;29 18 6 30 15 19 16 11 25 26 22 23 27 1 8 14 7 20 21 28 13 5 10 9 4 2 12 24 3 17 ;1.92778e+06
SL-UT PR-33 GI-0.5;3;4 28 10 22 26 9 14 1 8 3 18 11 2 27 29 13 21 20 12 19 7 30 16 15 25 6 24 5 17 23 ;2.13354e+06;2 28 10 22 26 5 20 1 13 29 14 4 9 23 11 3 21 18 24 19 15 30 16 7 8 6 25 27 17 12 ;1.93424e+06
SL-UT PR-33 GI-0.5;4;18 27 21 17 15 1 13 29 12 10 9 4 25 30 5 26 6 22 16 24 8 7 14 23 19 20 3 28 2 11 ;2.29743e+06;23 27 11 17 15 18 28 14 12 16 29 4 25 26 3 20 6 22 10 8 7 2 9 1 19 24 5 13 21 30 ;1.97423e+06
SL-UT PR-33 GI-0.5;5;27 18 15 3 17 21 29 14 7 8 25 9 11 19 13 1 4 20 23 6 26 24 16 22 5 30 2 10 28 12 ;2.20625e+06;1 13 16 20 28 21 29 14 7 8 6 17 4 19 18 10 22 3 11 25 26 24 15 23 5 30 2 27 9 12 ;1.97378e+06
SL-UT PR-50 GI-0.1;1;15 25 16 14 8 11 19 4 22 21 23 9 17 26 13 6 5 12 29 10 27 7 20 28 3 24 2 30 1 18 ;2.19763e+06;26 25 1 19 8 23 14 4 13 11 24 9 12 7 21 6 5 29 27 10 22 20 15 28 3 17 2 30 16 18 ;1.96656e+06
SL-UT PR-50 GI-0.1;2;2 16 1 15 8 29 10 21 18 9 24 5 3 25 6 14 19 28 7 12 20 26 23 11 30 13 22 27 4 17 ;2.16708e+06;6 29 4 26 8 25 22 1 18 24 9 5 2 14 11 16 3 21 7 12 20 27 23 17 30 13 10 15 28 19 ;1.9331e+06
SL-UT PR-50 GI-0.1;3;23 4 21 15 18 10 6 26 19 30 13 28 1 29 12 2 27 20 9 8 25 7 14 17 22 11 16 5 3 24 ;2.15089e+06;10 20 21 15 18 23 19 26 6 30 12 7 24 29 13 28 27 1 25 8 17 3 14 9 22 11 4 16 2 5 ;1.92858e+06
SL-UT PR-50 GI-0.1;4;23 28 10 18 25 9 26 1 21 3 4 14 11 24 20 15 8 22 12 17 30 13 7 16 29 2 6 19 5 27 ;2.19029e+06;28 23 25 18 17 9 26 1 4 29 21 14 12 24 13 22 3 8 16 6 30 20 27 2 15 11 10 19 5 7 ;1.93964e+06
SL-UT PR-50 GI-0.1;5;14 15 21 6 17 7 18 4 2 16 5 29 12 28 1 19 9 10 24 8 3 30 27 22 11 20 13 23 25 26 ;2.15578e+06;26 15 4 6 30 5 18 1 23 9 13 7 12 28 22 16 20 10 17 29 3 21 27 19 11 8 14 24 25 2 ;1.91429e+06
SL-UT PR-50 GI-0.2;1;24 16 2 28 14 22 8 19 4 15 20 11 26 21 30 18 7 5 29 3 6 1 12 13 17 10 27 9 25 23 ;2.21291e+06;22 16 10 24 23 14 8 19 7 30 21 11 15 2 26 18 4 1 29 3 27 5 20 9 17 28 6 13 25 12 ;1.94613e+06
SL-UT PR-50 GI-0.2;2;17 19 8 30 3 6 9 1 12 23 29 4 15 5 18 16 10 25 20 28 27 2 24 26 14 13 21 7 22 11 ;2.19801e+06;17 21 25 3 30 6 5 11 9 22 29 4 15 1 18 23 10 8 20 28 27 2 19 26 14 13 12 7 16 24 ;1.95006e+06
SL-UT PR-50 GI-0.2;3;23 5 9 6 27 16 8 24 3 13 30 17 25 7 28 1 29 19 4 20 21 2 15 22 10 26 12 18 11 14 ;2.16061e+06;11 5 9 6 4 16 8 30 3 13 20 17 22 2 14 25 19 26 27 1 21 15 10 7 28 24 12 18 23 29 ;1.91444e+06
SL-UT PR-50 GI-0.2;4;1 23 10 21 27 18 16 28 30 20 25 22 29 15 26 17 3 19 14 24 11 2 7 12 5 9 6 13 4 8 ;2.17658e+06;15 18 1 16 29 22 12 28 30 5 25 8 27 10 26 3 9 6 14 24 11 2 19 21 20 13 7 23 4 17 ;1.94521e+06
SL-UT PR-50 GI-0.2;5;21 6 8 27 1 5 13 30 25 14 7 4 12 24 29 15 22 16 2 20 10 11 26 28 18 3 17 9 19 23 ;2.21677e+06;4 6 8 1 14 29 13 30 25 22 17 7 12 24 3 2 9 20 21 28 10 11 27 26 18 5 16 15 19 23 ;1.92713e+06
SL-UT PR-50 GI-0.3;1;30 4 24 9 13 17 28 5 14 27 11 10 12 22 25 2 8 16 6 23 19 1 21 20 3 15 7 18 26 29 ;2.21131e+06;20 4 28 14 26 17 8 5 9 10 11 29 13 7 25 2 24 16 1 23 19 6 21 12 3 15 22 18 30 27 ;1.97199e+06
SL-UT PR-50 GI-0.3;2;23 29 18 7 12 8 16 1 24 10 14 27 20 4 6 2 19 26 17 28 21 5 30 11 25 13 3 9 22 15 ;2.27751e+06;27 29 18 3 12 8 16 9 4 28 7 23 14 5 6 30 19 26 17 25 21 22 2 11 10 20 24 1 15 13 ;1.9628e+06
SL-UT PR-50 GI-0.3;3;23 18 11 17 10 29 15 6 25 24 22 1 8 16 26 9 27 12 5 4 19 21 2 14 30 20 13 7 28 3 ;2.19833e+06;10 24 11 17 23 4 15 28 25 18 22 1 8 16 26 29 21 12 5 20 9 27 2 14 13 19 7 30 6 3 ;1.98619e+06
SL-UT PR-50 GI-0.3;4;23 6 13 5 14 7 12 9 1 22 29 25 15 17 18 26 20 28 21 27 2 30 4 11 10 19 8 16 24 3 ;2.1542e+06;2 6 16 23 5 17 12 9 28 22 29 7 11 14 25 26 3 1 20 19 18 30 4 15 10 27 8 13 24 21 ;1.92641e+06
SL-UT PR-50 GI-0.3;5;19 17 5 29 22 8 20 16 12 1 10 9 27 11 23 3 25 26 15 2 4 7 28 30 14 6 21 13 24 18 ;2.20088e+06;19 17 21 25 22 27 5 16 12 28 29 9 15 24 4 13 14 26 8 2 23 7 1 30 10 6 11 20 3 18 ;1.963e+06
SL-UT PR-50 GI-0.5;1;11 30 21 7 20 26 24 3 5 4 1 16 13 17 23 27 14 9 8 19 22 25 18 10 28 12 15 6 29 2 ;2.2259e+06;21 20 11 19 30 26 24 3 9 22 1 16 13 17 23 27 8 5 14 7 10 25 12 6 18 28 15 4 29 2 ;1.96555e+06
SL-UT PR-50 GI-0.5;2;21 22 20 12 24 8 13 1 27 11 6 4 19 5 28 10 14 3 30 16 29 23 15 18 26 25 9 2 17 7 ;2.29013e+06;21 20 22 12 4 26 13 1 19 8 6 7 30 5 27 23 14 3 10 17 16 28 15 25 11 18 9 2 29 24 ;1.97511e+06
SL-UT PR-50 GI-0.5;3;22 4 2 16 8 13 19 12 26 17 11 29 27 25 30 7 21 24 14 9 20 6 23 10 15 3 5 28 18 1 ;2.20286e+06;13 24 12 23 22 8 2 27 26 19 11 29 4 25 30 7 21 17 14 9 20 6 10 16 15 1 5 28 18 3 ;1.97806e+06
SL-UT PR-50 GI-0.5;4;9 10 29 8 30 24 22 17 7 4 15 27 14 3 25 19 28 16 12 18 13 23 11 5 26 20 2 21 6 1 ;2.1672e+06;9 10 19 6 30 28 1 17 7 4 15 12 14 18 8 29 24 16 27 3 13 23 21 5 26 20 22 11 25 2 ;1.96855e+06
SL-UT PR-50 GI-0.5;5;8 16 7 24 13 25 28 27 10 4 14 6 5 9 22 21 18 26 30 17 11 29 23 15 1 3 12 2 19 20 ;2.23333e+06;17 8 5 24 30 25 26 27 23 4 14 6 7 9 2 22 18 10 20 28 11 29 12 15 1 3 16 21 19 13 ;1.96002e+06
SL-UT PR-100 GI-0.1;1;6 7 8 19 4 21 2 30 27 28 23 1 9 25 29 16 10 13 17 11 24 5 18 20 22 26 3 15 12 14 ;2.21086e+06;2 6 26 19 30 14 7 13 27 28 23 17 9 21 8 5 4 10 1 18 12 16 11 20 24 29 3 22 25 15 ;1.92428e+06
SL-UT PR-100 GI-0.1;2;30 10 22 23 27 24 16 29 6 20 18 4 9 2 8 13 14 11 17 3 26 5 21 1 12 25 28 7 19 15 ;2.2342e+06;15 10 13 26 30 24 11 29 23 20 18 2 1 4 8 12 9 27 7 3 6 5 21 16 19 22 14 28 25 17 ;1.92711e+06
SL-UT PR-100 GI-0.1;3;12 13 2 3 15 26 8 1 27 9 18 20 10 21 25 29 30 7 28 14 4 23 17 24 5 22 19 11 16 6 ;2.21153e+06;21 13 6 3 30 4 20 8 11 10 15 25 9 27 12 29 23 7 5 14 2 18 17 24 1 22 19 28 16 26 ;1.89853e+06
SL-UT PR-100 GI-0.1;4;4 10 25 1 11 18 5 6 15 23 2 13 24 9 21 22 19 27 8 20 28 30 17 14 26 12 16 29 3 7 ;2.16684e+06;3 10 19 1 6 18 5 15 9 22 29 13 4 11 21 2 24 27 8 20 28 30 17 14 26 12 16 7 25 23 ;1.93401e+06
SL-UT PR-100 GI-0.1;5;21 22 17 28 13 29 27 11 19 26 16 25 8 30 24 6 3 9 7 15 18 5 2 1 12 14 20 10 4 23 ;2.21947e+06;21 23 2 30 16 11 4 3 27 20 13 25 6 18 24 12 29 9 7 10 28 5 17 8 1 14 26 15 19 22 ;1.8996e+06
SL-UT PR-100 GI-0.2;1;4 1 19 22 16 6 8 30 11 29 13 15 18 21 24 12 27 17 10 14 23 9 25 28 3 7 2 5 26 20 ;2.13277e+06;30 20 19 22 16 23 4 25 28 29 11 3 18 1 14 12 27 17 10 24 2 21 9 6 15 7 8 5 26 13 ;1.93438e+06
SL-UT PR-100 GI-0.2;2;10 6 23 17 29 19 22 12 28 26 3 8 1 30 2 16 13 24 15 27 5 21 14 11 20 9 25 7 18 4 ;2.21381e+06;14 8 23 7 29 19 22 28 21 26 3 30 1 27 2 12 15 20 13 6 24 10 16 9 5 11 25 17 4 18 ;1.94427e+06
SL-UT PR-100 GI-0.2;3;4 18 7 23 3 19 30 21 15 6 5 10 12 26 16 9 22 29 27 11 14 28 2 13 25 24 20 1 17 8 ;2.20809e+06;4 1 7 17 3 19 30 21 23 12 28 10 2 15 16 9 22 27 20 14 5 11 6 18 25 24 29 13 26 8 ;1.9449e+06
SL-UT PR-100 GI-0.2;4;19 16 27 10 29 2 28 11 13 18 23 20 7 25 8 12 22 17 21 24 3 9 6 4 1 14 30 15 5 26 ;2.17816e+06;18 2 23 14 7 24 20 22 5 9 27 25 29 12 8 21 11 17 28 16 26 19 6 4 1 10 30 15 13 3 ;1.94205e+06
SL-UT PR-100 GI-0.2;5;2 3 7 14 28 25 10 26 17 1 30 21 15 12 29 6 5 24 27 18 16 4 20 8 19 23 13 22 9 11 ;2.17945e+06;10 3 26 8 28 25 2 17 1 16 27 5 19 20 29 6 23 24 30 18 12 4 7 14 15 21 13 22 9 11 ;1.91996e+06
SL-UT PR-100 GI-0.3;1;11 6 28 17 13 4 2 26 23 9 24 8 30 10 22 7 3 12 15 1 18 5 16 25 21 20 27 19 29 14 ;2.21485e+06;20 26 24 17 30 13 2 29 27 9 28 8 16 10 22 25 7 14 3 1 18 5 6 15 19 11 23 21 4 12 ;1.94391e+06
SL-UT PR-100 GI-0.3;2;15 10 27 16 4 28 9 22 13 5 7 23 18 17 29 24 6 1 25 3 19 11 8 2 26 21 12 20 14 30 ;2.15914e+06;8 27 15 16 4 28 12 22 30 5 10 23 18 17 7 25 6 1 24 13 19 11 29 2 26 3 9 20 14 21 ;1.95331e+06
SL-UT PR-100 GI-0.3;3;7 21 15 8 28 27 3 20 16 13 22 19 25 30 12 18 10 9 5 26 29 1 17 6 4 2 11 24 23 14 ;2.22076e+06;7 21 15 26 28 25 27 23 16 14 4 19 30 3 12 1 10 9 5 20 29 18 17 6 22 2 11 24 8 13 ;1.98305e+06
SL-UT PR-100 GI-0.3;4;8 29 25 6 13 7 5 17 21 11 3 16 9 22 27 12 2 18 24 23 4 28 20 10 14 26 1 30 19 15 ;2.18387e+06;29 8 26 6 30 5 23 25 22 11 3 16 9 21 27 12 17 18 14 2 4 7 20 10 24 28 1 13 19 15 ;1.95237e+06
SL-UT PR-100 GI-0.3;5;6 14 24 18 10 25 16 3 28 26 30 1 21 8 11 19 13 27 20 15 29 5 4 12 22 23 17 9 7 2 ;2.22123e+06;6 21 24 8 22 25 11 15 28 26 29 14 1 18 27 19 9 23 17 3 30 5 4 12 10 16 20 13 7 2 ;1.94252e+06
SL-UT PR-100 GI-0.5;1;19 17 21 6 8 3 18 12 9 24 25 28 30 10 15 5 11 14 23 1 29 4 13 20 16 26 22 2 7 27 ;2.18969e+06;28 17 21 3 8 6 9 12 22 25 29 19 30 10 15 7 11 24 23 1 18 4 13 16 20 26 14 27 5 2 ;1.98408e+06
SL-UT PR-100 GI-0.5;2;26 15 6 5 14 28 11 16 1 23 27 12 20 29 7 8 18 2 3 30 25 21 10 4 24 9 19 22 13 17 ;2.18144e+06;27 15 11 5 14 28 24 21 1 23 26 7 20 25 12 8 18 2 17 16 29 30 10 22 6 9 19 4 13 3 ;1.98555e+06
SL-UT PR-100 GI-0.5;3;4 11 25 9 14 20 27 19 26 3 8 5 12 30 18 29 17 28 24 13 2 10 21 16 7 23 1 22 6 15 ;2.1697e+06;4 28 25 5 14 2 27 19 26 9 3 8 12 20 17 30 18 7 24 13 11 1 21 16 29 23 10 22 6 15 ;1.98398e+06
SL-UT PR-100 GI-0.5;4;6 22 17 18 2 15 9 14 5 13 24 1 16 10 4 21 27 12 20 19 25 26 8 30 3 11 28 29 7 23 ;2.13821e+06;10 22 17 18 2 15 6 14 5 13 8 11 21 1 9 16 27 12 20 25 30 26 24 19 3 23 28 29 7 4 ;1.95779e+06
SL-UT PR-100 GI-0.5;5;21 14 9 25 27 19 12 30 18 6 3 16 28 8 24 10 20 2 7 5 11 4 15 26 23 22 29 13 1 17 ;2.16833e+06;30 14 8 6 4 19 22 21 12 11 3 16 1 9 24 23 20 2 7 5 10 27 15 18 25 28 29 13 26 17 ;1.97539e+06
SL-UT-C PR-33;1;25 17 21 4 27 5 6 2 28 3 18 9 12 15 13 7 11 10 1 8 23 16 20 26 14 22 30 19 29 24 ;2.21867e+06;28 7 21 4 15 5 6 12 23 24 18 2 9 27 26 17 3 10 8 22 25 29 20 19 1 16 30 11 14 13 ;1.92378e+06
SL-UT-C PR-33;2;30 12 11 1 17 2 10 7 26 4 18 13 28 21 19 8 16 22 5 3 6 29 23 25 24 20 15 9 14 27 ;2.20813e+06;23 28 20 1 5 30 8 21 26 4 18 13 29 7 19 12 16 27 10 3 6 2 17 25 9 24 15 11 14 22 ;1.93649e+06
SL-UT-C PR-33;3;19 18 3 9 2 16 5 7 24 26 11 25 8 12 13 27 20 21 29 22 6 14 10 15 1 17 23 28 4 30 ;2.15584e+06;12 18 1 9 25 16 11 7 24 26 10 5 8 22 13 19 21 20 29 2 23 14 17 15 3 6 28 27 4 30 ;1.94307e+06
SL-UT-C PR-33;4;1 12 22 25 10 13 2 24 8 17 16 23 6 19 5 11 28 20 3 14 15 21 26 27 4 9 30 18 7 29 ;2.20662e+06;1 8 22 11 10 17 12 26 7 13 15 6 16 4 27 25 28 20 18 14 24 21 23 3 19 9 30 5 2 29 ;1.96047e+06
SL-UT-C PR-33;5;26 6 19 7 13 1 22 15 2 11 28 4 9 21 20 16 10 5 3 25 14 29 23 24 8 30 27 17 18 12 ;2.19292e+06;26 1 23 15 13 25 5 2 21 19 27 4 9 6 20 16 18 10 3 30 11 7 14 24 8 28 22 17 29 12 ;1.92362e+06
SL-UT-C PR-50;1;26 27 20 24 21 15 25 16 17 23 12 8 13 10 1 3 30 18 28 6 14 22 7 11 2 9 19 29 4 5 ;2.2359e+06;19 24 25 22 21 2 20 14 6 1 12 8 9 26 23 3 15 18 28 16 17 10 7 27 11 13 30 29 4 5 ;1.96171e+06
SL-UT-C PR-50;2;25 7 21 26 16 8 29 14 6 4 18 3 23 11 13 24 12 28 1 9 22 17 20 27 15 19 10 30 2 5 ;2.23289e+06;12 29 25 26 16 4 28 19 6 13 10 3 23 2 7 30 8 21 18 9 22 17 20 27 15 5 1 24 11 14 ;1.90962e+06
SL-UT-C PR-50;3;16 2 1 25 24 19 20 11 13 30 6 8 27 3 10 4 29 21 9 22 28 7 18 12 5 14 23 15 17 26 ;2.18983e+06;9 6 28 25 24 19 10 11 13 20 27 8 30 3 2 4 29 21 16 23 1 17 18 12 5 14 22 15 7 26 ;1.97215e+06
SL-UT-C PR-50;4;18 14 30 20 2 29 16 1 27 8 7 10 13 5 25 15 22 3 9 17 11 28 12 4 24 26 23 21 6 19 ;2.24518e+06;12 21 30 14 2 29 11 1 27 8 6 10 13 5 4 15 7 24 19 17 16 28 18 25 3 22 23 20 26 9 ;1.99602e+06
SL-UT-C PR-50;5;12 5 18 30 20 8 26 3 4 10 24 2 7 6 17 14 28 27 25 11 29 13 21 23 9 1 15 19 16 22 ;2.19956e+06;12 26 18 29 25 9 23 3 11 10 21 2 7 20 17 1 28 27 4 6 30 13 24 8 5 14 15 19 16 22 ;1.96827e+06
SL-UT-C PR-100;1;17 5 24 11 13 6 10 29 25 14 2 26 28 20 18 8 22 7 12 9 21 23 16 3 27 19 1 30 4 15 ;2.09677e+06;19 13 11 24 23 6 20 29 1 14 10 30 28 2 18 27 22 7 12 21 9 5 16 3 8 17 25 26 4 15 ;1.9639e+06
SL-UT-C PR-100;2;25 3 21 19 22 27 12 4 10 16 6 29 28 15 18 17 13 7 1 24 11 5 14 26 20 23 2 9 8 30 ;2.20459e+06;25 24 21 2 13 28 23 4 10 16 6 1 12 15 18 17 22 27 29 3 5 20 14 26 11 7 19 9 8 30 ;1.97774e+06
SL-UT-C PR-100;3;1 7 11 22 16 2 12 6 19 13 8 27 17 20 26 24 10 3 18 15 29 28 30 21 14 5 23 4 25 9 ;2.13615e+06;18 10 12 22 16 2 6 11 28 13 8 27 17 20 15 24 7 1 3 4 29 30 19 21 14 5 23 26 25 9 ;1.95242e+06
SL-UT-C PR-100;4;14 7 10 9 25 24 3 21 20 18 27 28 23 6 15 16 8 22 17 1 30 5 29 13 19 2 4 12 26 11 ;2.24462e+06;8 17 10 9 23 22 3 6 19 25 27 4 12 24 18 30 14 21 29 1 16 5 15 13 20 2 28 7 26 11 ;1.98605e+06
SL-UT-C PR-100;5;7 25 11 6 18 13 14 9 10 22 4 16 28 21 29 12 5 15 24 1 8 2 3 20 26 17 27 23 19 30 ;2.2665e+06;7 25 26 10 4 28 14 8 6 22 12 16 27 21 29 11 5 15 24 1 23 2 3 20 17 18 13 9 19 30 ;2e+06
SL-R PR-33 GI-0.1;1;12 7 13 28 25 29 17 14 30 15 2 16 5 10 19 18 21 22 3 20 8 4 1 6 24 9 23 26 27 11 ;2.1621e+06;12 27 2 28 30 19 13 14 25 11 3 16 9 10 7 1 21 20 22 29 17 23 18 6 24 26 4 5 8 15 ;1.93376e+06
SL-R PR-33 GI-0.1;2;30 9 26 2 27 17 5 23 18 20 24 7 28 25 11 8 22 13 12 19 15 4 21 3 16 1 14 29 6 10 ;2.17698e+06;30 1 15 2 4 17 18 23 5 25 24 7 28 13 11 8 27 20 22 19 26 12 21 3 16 9 14 29 6 10 ;1.99919e+06
SL-R PR-33 GI-0.1;3;16 24 5 26 4 30 25 21 9 27 11 17 19 8 1 2 3 13 6 20 29 28 23 7 15 18 22 14 12 10 ;2.19027e+06;29 1 9 6 13 21 12 30 23 7 11 17 10 8 4 2 27 19 22 26 15 28 18 3 20 24 5 14 25 16 ;1.93429e+06
SL-R PR-33 GI-0.1;4;15 12 4 25 24 10 28 16 18 7 20 23 26 8 11 13 5 30 19 1 27 29 22 3 6 17 2 21 14 9 ;2.23747e+06;16 28 2 10 7 11 12 8 30 15 3 23 1 13 21 25 5 18 20 29 27 14 22 19 6 17 26 24 4 9 ;1.9489e+06
SL-R PR-33 GI-0.1;5;11 21 8 30 28 15 29 5 14 26 17 2 12 10 7 24 13 9 1 4 19 25 18 23 16 27 3 20 6 22 ;2.19005e+06;29 21 25 30 28 15 8 6 14 26 4 22 12 10 5 9 3 24 18 13 11 17 19 23 27 16 1 20 7 2 ;1.98429e+06
SL-R PR-33 GI-0.2;1;13 27 18 19 14 22 6 7 5 30 12 23 2 8 20 11 24 9 3 29 25 16 26 4 1 17 28 15 21 10 ;2.19892e+06;14 10 2 27 16 22 6 7 21 30 11 23 28 3 20 18 24 17 12 29 5 19 26 8 4 9 13 15 25 1 ;1.93612e+06
SL-R PR-33 GI-0.2;2;21 17 22 19 8 13 26 15 16 27 3 30 7 25 24 18 12 20 11 1 10 5 23 14 4 28 2 29 9 6 ;2.1889e+06;25 22 10 18 19 11 13 15 16 27 12 30 3 21 26 8 1 29 17 7 28 5 23 9 4 24 2 20 14 6 ;1.97248e+06
SL-R PR-33 GI-0.2;3;14 19 29 18 30 24 9 23 5 27 21 2 6 20 1 3 22 13 11 12 16 25 7 4 15 8 10 17 28 26 ;2.23015e+06;12 21 25 18 30 2 24 23 5 27 28 8 3 10 13 9 22 1 16 14 11 26 7 20 15 17 4 29 19 6 ;1.9557e+06
SL-R PR-33 GI-0.2;4;22 1 3 4 26 25 17 28 16 19 21 23 8 29 20 30 10 5 27 24 6 14 2 18 11 9 13 15 12 7 ;2.18425e+06;10 9 15 4 23 25 28 17 20 19 21 22 8 3 16 30 7 2 18 6 24 14 29 11 12 5 13 26 27 1 ;1.96237e+06
SL-R PR-33 GI-0.2;5;17 27 25 18 30 28 21 12 2 26 1 11 23 14 3 7 6 10 22 20 13 4 9 24 29 15 8 16 19 5 ;2.17203e+06;29 10 9 3 30 23 14 12 8 26 24 5 6 13 22 7 28 4 18 1 21 16 17 11 20 15 25 27 19 2 ;1.95649e+06
SL-R PR-33 GI-0.3;1;24 11 14 26 1 25 17 6 2 28 8 29 21 10 27 9 5 12 20 19 13 30 18 23 7 16 3 15 22 4 ;2.16495e+06;24 27 14 26 8 25 18 30 2 19 12 1 17 10 13 9 5 29 20 28 3 6 21 16 7 11 23 15 4 22 ;1.95486e+06
SL-R PR-33 GI-0.3;2;17 18 10 30 25 20 12 26 9 4 1 7 15 28 13 2 14 27 21 22 19 5 23 11 24 3 16 8 29 6 ;2.20044e+06;1 16 10 29 4 24 12 23 6 8 28 7 15 5 13 9 14 27 21 17 19 26 22 2 20 3 25 18 30 11 ;1.93839e+06
SL-R PR-33 GI-0.3;3;2 21 10 6 13 12 17 14 7 24 20 9 1 23 11 30 5 16 22 4 3 25 26 19 15 28 29 27 18 8 ;2.23328e+06;20 8 7 6 19 12 3 2 17 24 27 1 25 15 11 30 23 9 18 4 22 14 26 10 5 28 29 16 21 13 ;1.982e+06
SL-R PR-33 GI-0.3;4;11 18 19 21 28 25 24 16 9 22 3 5 13 29 27 26 1 2 20 10 7 14 12 8 30 6 15 23 17 4 ;2.12081e+06;11 18 19 28 21 25 24 29 9 22 3 5 27 15 6 10 1 2 17 12 7 14 20 8 30 4 13 23 26 16 ;1.97294e+06
SL-R PR-33 GI-0.3;5;28 21 22 24 2 15 30 17 6 10 3 11 12 19 29 5 16 9 14 27 13 4 26 7 20 18 1 25 8 23 ;2.23332e+06;17 21 23 12 25 22 30 6 9 10 15 11 24 14 29 5 16 3 20 27 1 4 19 8 26 18 28 13 7 2 ;1.94238e+06
SL-R PR-33 GI-0.5;1;22 30 10 9 19 24 3 25 16 1 21 18 20 17 13 2 12 11 23 6 14 5 8 28 27 15 26 7 4 29 ;2.19289e+06;25 20 10 18 14 30 3 22 16 1 21 19 24 17 5 2 12 11 8 6 13 26 27 28 9 15 23 7 4 29 ;1.96041e+06
SL-R PR-33 GI-0.5;2;28 22 21 7 9 15 8 29 13 10 18 3 11 16 25 26 17 14 24 27 12 4 23 19 20 2 5 30 1 6 ;2.27187e+06;9 22 19 7 2 24 28 29 1 3 26 10 25 16 11 5 17 14 15 27 12 20 23 30 6 8 21 18 13 4 ;1.98194e+06
SL-R PR-33 GI-0.5;3;5 28 9 16 14 12 24 25 17 21 22 15 30 23 29 13 11 4 10 20 18 1 26 8 6 7 3 2 19 27 ;2.23383e+06;5 28 2 16 8 23 24 7 25 14 21 1 30 13 29 12 11 4 10 17 18 15 26 20 6 3 9 27 19 22 ;1.96958e+06
SL-R PR-33 GI-0.5;4;26 16 25 23 24 4 12 8 28 2 18 29 6 13 14 19 21 22 30 5 10 15 3 20 11 17 1 9 7 27 ;2.17685e+06;29 16 22 23 24 4 25 8 6 2 18 20 12 13 14 19 5 28 1 3 15 21 17 10 11 27 30 9 7 26 ;2.00987e+06
SL-R PR-33 GI-0.5;5;1 10 17 2 9 15 5 8 11 16 4 29 23 19 14 20 3 7 12 22 25 24 28 26 27 18 21 6 30 13 ;2.17998e+06;16 24 19 2 9 15 18 12 11 28 17 7 23 1 14 29 3 20 8 22 27 10 21 26 4 13 25 6 5 30 ;1.94181e+06
SL-R PR-50 GI-0.1;1;26 27 16 23 19 30 21 10 6 25 24 17 20 8 1 18 22 2 11 7 12 15 3 29 9 13 4 14 5 28 ;2.18982e+06;7 27 6 5 19 30 10 21 2 16 18 26 8 17 12 28 22 23 11 13 15 1 3 29 9 24 25 14 4 20 ;1.96369e+06
SL-R PR-50 GI-0.1;2;27 21 30 15 26 18 7 5 2 22 9 25 16 1 24 6 8 28 10 13 12 17 11 19 4 3 23 29 20 14 ;2.22432e+06;10 12 25 11 23 18 14 5 3 22 9 19 16 1 7 20 4 8 27 2 15 17 21 24 6 13 26 29 30 28 ;1.92902e+06
SL-R PR-50 GI-0.1;3;3 9 7 20 22 16 24 12 10 4 23 18 29 6 26 30 13 2 5 15 19 28 14 8 25 17 27 1 21 11 ;2.20392e+06;24 26 27 1 25 16 7 29 20 6 22 18 12 13 8 30 11 21 15 23 19 28 10 9 5 17 4 3 2 14 ;1.913e+06
SL-R PR-50 GI-0.1;4;23 19 12 22 21 10 16 26 11 25 6 27 14 4 17 15 5 3 24 20 2 30 9 1 29 18 7 28 13 8 ;2.19726e+06;5 10 7 22 8 2 18 4 17 12 6 28 14 11 15 13 20 3 24 27 25 30 9 21 29 1 23 19 26 16 ;1.96018e+06
SL-R PR-50 GI-0.1;5;27 17 20 3 21 4 13 30 14 19 24 2 11 18 7 25 29 10 9 22 15 26 5 28 6 8 12 16 23 1 ;2.19762e+06;10 17 20 9 21 4 13 18 14 22 24 23 11 30 7 28 27 29 3 5 15 1 19 12 6 8 25 16 2 26 ;1.9827e+06
SL-R PR-50 GI-0.2;1;26 5 11 15 4 13 30 29 28 14 21 23 1 19 18 27 6 3 16 2 20 25 9 10 7 22 17 24 12 8 ;2.25309e+06;22 5 11 30 4 29 6 9 28 26 21 14 2 19 23 20 7 27 16 1 18 25 8 15 10 3 17 24 12 13 ;1.97463e+06
SL-R PR-50 GI-0.2;2;4 24 1 23 14 7 5 26 21 18 10 20 11 13 27 25 19 9 17 29 22 15 2 6 12 8 28 16 3 30 ;2.17989e+06;10 24 4 6 15 25 5 26 23 9 19 20 11 1 22 7 30 18 17 29 27 14 2 12 28 8 21 16 3 13 ;1.96405e+06
SL-R PR-50 GI-0.2;3;9 5 16 2 17 18 6 15 7 30 4 26 23 25 3 19 21 27 8 11 12 20 1 14 29 13 24 22 10 28 ;2.19246e+06;8 5 16 2 30 28 14 22 7 19 9 12 23 17 25 4 21 15 6 11 26 20 1 13 10 29 24 27 18 3 ;1.95542e+06
SL-R PR-50 GI-0.2;4;3 22 10 12 13 9 23 14 2 26 18 30 17 1 16 5 6 8 24 15 21 25 19 11 4 29 27 28 20 7 ;2.23073e+06;29 22 10 25 23 15 18 14 16 6 12 30 17 1 24 11 27 8 9 21 3 2 19 5 20 26 13 28 4 7 ;1.93935e+06
SL-R PR-50 GI-0.2;5;15 16 3 18 7 29 6 9 22 28 4 25 17 21 20 14 10 11 2 30 23 5 8 26 12 24 27 19 13 1 ;2.17732e+06;13 16 19 30 7 29 6 21 22 28 17 20 4 9 12 25 1 3 2 8 23 5 24 26 18 10 27 11 15 14 ;1.97852e+06
SL-R PR-50 GI-0.3;1;14 25 17 29 16 2 19 15 4 9 13 3 23 28 26 11 21 5 18 7 20 8 22 24 27 6 1 30 10 12 ;2.18722e+06;24 6 5 23 16 2 21 29 4 9 13 17 12 28 26 11 20 10 18 7 3 8 22 14 27 19 1 30 25 15 ;1.98321e+06
SL-R PR-50 GI-0.3;2;18 26 29 25 10 13 1 4 22 23 20 28 12 11 9 19 15 14 2 24 8 21 30 16 5 7 6 3 27 17 ;2.214e+06;21 6 29 25 14 13 7 15 28 23 17 22 9 2 12 19 1 11 4 20 8 18 10 16 30 26 24 3 27 5 ;1.98798e+06
SL-R PR-50 GI-0.3;3;22 11 14 13 28 23 8 16 15 21 29 3 10 12 26 7 6 24 17 9 25 2 30 18 5 27 4 19 1 20 ;2.21043e+06;7 19 16 26 25 2 8 28 4 13 29 3 10 12 18 22 21 24 17 9 23 14 11 5 20 30 15 1 6 27 ;1.94879e+06
SL-R PR-50 GI-0.3;4;29 6 20 4 24 12 19 3 2 1 23 17 27 10 18 11 15 8 22 21 7 9 5 30 28 14 26 13 16 25 ;2.1471e+06;29 6 20 24 12 13 7 3 9 1 11 22 19 10 2 4 15 27 21 17 8 5 18 30 28 23 26 14 16 25 ;1.95599e+06
SL-R PR-50 GI-0.3;5;22 8 28 27 29 18 4 19 6 15 1 11 16 2 13 25 26 24 3 10 20 9 21 12 14 5 30 17 23 7 ;2.13524e+06;22 8 25 29 6 18 4 23 14 15 1 12 16 28 13 2 26 10 3 5 20 9 21 11 24 17 30 27 19 7 ;1.9503e+06
SL-R PR-50 GI-0.5;1;17 21 14 8 2 29 6 10 26 30 13 19 7 3 5 22 24 11 15 12 23 28 1 27 4 16 18 9 20 25 ;2.22046e+06;17 12 2 8 7 22 5 11 26 30 13 21 28 3 18 4 24 10 15 29 23 19 1 27 14 16 20 9 6 25 ;1.98818e+06
SL-R PR-50 GI-0.5;2;23 17 18 30 29 7 4 1 28 11 20 19 8 9 22 3 13 27 14 21 26 16 2 25 6 24 12 15 5 10 ;2.1649e+06;8 10 18 30 17 9 4 27 28 11 13 25 16 14 22 3 20 1 24 21 12 23 2 7 6 15 26 29 5 19 ;1.95785e+06
SL-R PR-50 GI-0.5;3;20 3 8 1 26 12 10 23 24 18 5 14 30 29 16 17 2 13 11 25 19 15 4 21 27 7 9 6 22 28 ;2.22799e+06;5 21 30 1 6 26 25 10 24 18 20 14 28 29 16 8 2 13 12 23 19 11 15 17 27 9 7 3 22 4 ;1.96926e+06
SL-R PR-50 GI-0.5;4;15 4 26 14 11 7 28 22 1 8 2 13 23 18 20 9 5 19 10 6 3 27 29 25 12 24 16 21 30 17 ;2.26458e+06;15 9 2 8 11 6 12 25 14 22 20 13 28 18 26 7 1 19 10 3 27 5 4 23 29 24 16 21 30 17 ;1.92489e+06
SL-R PR-50 GI-0.5;5;18 1 5 7 27 21 24 20 26 25 4 9 10 2 14 15 17 8 3 23 29 13 22 28 11 30 19 16 12 6 ;2.21874e+06;17 15 19 29 16 2 24 5 9 20 4 3 12 14 21 26 27 8 1 23 7 13 22 28 11 10 30 18 25 6 ;1.96016e+06
SL-R PR-100 GI-0.1;1;20 6 16 12 27 10 26 23 29 7 4 5 21 2 30 28 8 9 1 24 22 25 3 15 18 17 14 11 13 19 ;2.16596e+06;27 29 16 12 26 23 11 21 6 7 9 15 14 1 30 28 8 20 10 24 22 25 2 3 18 17 19 5 13 4 ;1.94366e+06
SL-R PR-100 GI-0.1;2;9 11 4 15 22 5 18 21 24 23 8 1 2 12 29 20 13 27 14 26 10 19 17 25 28 16 30 3 6 7 ;2.13974e+06;12 26 4 25 22 5 27 6 24 21 20 1 29 11 10 9 13 18 14 8 2 19 17 15 28 16 30 3 23 7 ;1.97898e+06
SL-R PR-100 GI-0.1;3;15 21 10 13 26 12 11 20 1 25 19 17 27 22 30 2 29 7 14 3 23 24 16 9 18 5 4 8 28 6 ;2.22252e+06;27 20 8 19 26 21 16 29 25 28 9 10 1 22 30 2 11 3 14 7 18 5 6 12 23 24 4 17 13 15 ;1.95021e+06
SL-R PR-100 GI-0.1;4;9 24 18 10 6 22 21 29 13 28 30 1 12 8 5 7 25 2 16 20 26 11 19 4 17 3 14 15 23 27 ;2.20022e+06;7 24 18 2 6 11 1 22 13 23 10 4 12 27 5 19 25 9 3 20 29 26 14 21 8 16 17 15 28 30 ;1.94319e+06
SL-R PR-100 GI-0.1;5;2 6 22 7 28 1 17 30 19 13 12 4 26 5 9 8 18 23 10 16 20 14 11 3 21 15 24 29 27 25 ;2.18975e+06;2 6 5 23 25 1 20 17 4 26 12 30 14 9 27 19 16 7 10 8 13 18 11 3 21 15 24 28 22 29 ;1.95706e+06
SL-R PR-100 GI-0.2;1;11 27 16 5 30 18 8 13 21 2 6 22 4 17 20 9 25 7 24 14 10 26 23 19 29 12 15 3 1 28 ;2.23356e+06;13 27 2 17 30 16 4 3 9 8 28 22 11 1 24 29 12 6 20 14 10 5 7 18 21 25 15 19 23 26 ;1.95329e+06
SL-R PR-100 GI-0.2;2;7 3 25 11 13 18 19 5 1 20 29 6 10 24 14 16 12 4 9 2 15 21 27 8 26 23 17 28 22 30 ;2.17947e+06;10 3 25 28 11 19 18 20 1 16 29 17 7 24 8 6 12 5 27 2 23 21 9 4 26 14 13 15 22 30 ;1.92987e+06
SL-R PR-100 GI-0.2;3;15 17 1 19 2 27 21 12 25 14 20 24 30 11 9 22 6 5 3 29 26 8 4 16 23 28 7 10 18 13 ;2.1905e+06;21 27 5 19 22 15 25 2 1 9 14 24 20 4 12 30 6 10 3 29 7 8 17 16 11 28 26 23 18 13 ;1.94091e+06
SL-R PR-100 GI-0.2;4;22 11 20 9 6 17 14 3 18 15 12 25 4 26 19 27 30 23 28 10 24 1 13 2 5 29 8 7 16 21 ;2.19319e+06;20 11 14 5 7 6 26 3 8 15 12 25 23 9 28 27 4 30 18 13 24 1 10 2 17 21 19 22 16 29 ;1.98594e+06
SL-R PR-100 GI-0.2;5;10 26 13 24 11 2 6 23 17 4 28 8 3 22 14 7 18 27 15 19 20 1 5 25 30 21 16 9 12 29 ;2.23359e+06;2 8 14 20 11 13 6 10 18 12 28 24 3 4 19 25 17 27 15 5 16 1 23 22 30 21 26 9 7 29 ;1.94473e+06
SL-R PR-100 GI-0.3;1;23 10 6 8 11 2 13 7 4 3 27 24 15 12 18 14 30 25 21 19 9 29 20 22 17 1 5 26 16 28 ;2.23462e+06;23 9 6 13 11 2 20 10 4 28 8 14 21 12 22 26 18 24 15 5 29 25 19 27 17 16 30 3 7 1 ;1.94091e+06
SL-R PR-100 GI-0.3;2;5 18 20 8 1 3 14 13 19 9 15 24 30 17 7 11 26 2 21 16 29 10 27 22 28 6 25 23 12 4 ;2.16822e+06;13 5 11 30 2 3 6 10 19 9 28 8 16 17 7 15 12 23 21 24 29 1 27 22 20 14 25 18 26 4 ;1.97425e+06
SL-R PR-100 GI-0.3;3;29 2 30 9 8 16 4 12 22 18 19 14 13 5 23 21 27 26 6 24 25 7 11 15 1 28 20 17 10 3 ;2.20613e+06;28 2 30 10 19 3 7 9 27 20 18 14 13 11 23 21 22 26 6 24 25 12 5 15 29 16 8 17 4 1 ;1.96731e+06
SL-R PR-100 GI-0.3;4;23 20 4 14 16 6 9 17 30 1 27 24 26 22 11 25 3 8 5 7 15 10 29 21 13 12 2 28 18 19 ;2.23871e+06;8 20 4 2 16 19 7 27 18 25 17 24 12 10 3 9 11 22 14 5 15 26 29 21 13 1 23 28 30 6 ;1.93669e+06
SL-R PR-100 GI-0.3;5;27 20 17 4 7 18 19 21 5 16 29 25 3 9 30 23 28 8 13 11 2 22 26 6 14 12 10 1 15 24 ;2.19138e+06;27 3 6 4 30 18 7 21 23 22 29 26 2 15 28 5 8 20 13 11 9 14 25 1 17 12 10 16 19 24 ;1.9267e+06
SL-R PR-100 GI-0.5;1;22 9 16 27 7 4 17 29 8 28 12 6 30 2 19 11 1 3 15 25 5 26 10 24 14 18 20 13 21 23 ;2.19407e+06;28 23 25 27 7 22 17 9 10 4 2 14 30 13 19 21 1 3 8 29 5 26 15 24 6 18 16 20 11 12 ;1.9769e+06
SL-R PR-100 GI-0.5;2;6 8 16 5 24 12 13 22 2 26 21 11 17 25 20 30 19 14 4 29 15 10 28 23 1 9 3 27 18 7 ;2.20126e+06;12 8 16 9 25 6 13 22 3 23 21 11 28 24 18 19 29 20 10 30 15 26 17 14 27 2 5 1 4 7 ;1.96614e+06
SL-R PR-100 GI-0.5;3;21 25 30 14 2 18 13 4 5 9 27 16 29 8 28 11 7 20 15 12 19 26 3 17 6 24 23 22 10 1 ;2.1854e+06;26 25 30 6 27 18 13 4 3 9 21 16 12 7 22 5 8 20 15 29 10 28 11 14 17 2 23 24 19 1 ;1.93681e+06
SL-R PR-100 GI-0.5;4;26 11 1 24 20 12 25 17 22 2 7 4 5 27 18 8 6 9 21 13 15 19 30 28 16 10 14 3 29 23 ;2.20856e+06;14 11 22 5 12 4 7 17 1 27 28 9 24 26 20 8 6 29 21 13 19 18 30 25 16 10 2 3 15 23 ;1.99989e+06
SL-R PR-100 GI-0.5;5;11 29 21 25 16 8 10 12 23 28 14 19 9 2 30 15 27 4 20 1 17 26 24 7 13 18 22 5 6 3 ;2.18747e+06;25 14 21 4 7 17 30 11 23 29 10 19 9 2 28 1 27 6 20 13 12 18 24 16 8 26 22 5 15 3 ;1.99617e+06
